word,true_label,predictions
Your,O,O
loving,O,O
brother,O,O
",",O,O
Add,O,O
.,O,O
To,O,O
Wylliam,O,O
Tupholme,O,O
",",O,O
serwande,O,O
with,O,O
Mr,O,O
.,O,O
John,O,O
Johnson,O,O
",",O,O
this,O,O
be,O,O
delyveryd,O,O
at,O,O
Glapthorne,O,O
.,O,O
By,O,O
youer,O,O
frynde,O,O
",",O,O
Wylliam,O,O
Gannothe,O,O
.,O,O
442,O,O
.,O,O
JOHN,O,O
JOHNSON,O,O
TO,O,O
ROBERT,O,O
ANDREW,O,O
Youer,O,O
freind,O,O
to,O,O
his,O,O
power,O,O
",",O,O
Add,O,O
.,O,O
To,O,O
my,O,O
worshipfull,O,O
brother,O,O
John,O,O
Johnson,O,O
",",O,O
marchaunt,O,O
of,O,O
the,O,O
Staple,O,O
at,O,O
Callais,O,O
",",O,O
be,O,O
this,O,O
delyvered,O,O
at,O,O
Andwerpe,O,O
After,O,O
herty,O,O
comendations,O,O
",",O,O
theise,O,O
maie,O,O
signifie,O,O
unto,O,O
you,O,O
that,O,O
unto,O,O
my,O,O
brother,O,O
Richard,O,O
Johnson,O,O
",",O,O
now,O,O
at,O,O
Callais,O,O
",",O,O
I,O,O
have,O,O
sent,O,O
a,O,O
lettre,O,O
directed,O,O
unto,O,O
you,O,O
",",O,O
which,O,O
I,O,O
have,O,O
wylled,O,O
hym,O,O
to,O,O
convey,O,O
unto,O,O
you,O,O
.,O,O
(1a,O,O
),O,O
In,O,O
the,O,O
same,O,O
I,O,O
desiered,O,O
you,O,O
to,O,O
make,O,O
up,O,O
in,O,O
your,O,O
bocke,O,O
my,O,O
accompt,O,O
",",O,O
and,O,O
the,O,O
rest,O,O
to,O,O
sett,O,O
in,O,O
a,O,O
new,O,O
place,O,O
on,O,O
the,O,O
name,O,O
of,O,O
John,O,O
and,O,O
Richard,O,O
Jonson,O,O
;,O,O
and,O,O
desiered,O,O
you,O,O
to,O,O
accept,O,O
suche,O,O
busines,O,O
as,O,O
my,O,O
brother,O,O
shall,O,O
assinge,O,O
unto,O,O
you,O,O
",",O,O
even,O,O
as,O,O
(I,O,O
thancke,O,O
you,O,O
),O,O
ye,O,O
have,O,O
done,O,O
for,O,O
me,O,O
.,O,O
And,O,O
now,O,O
I,O,O
shall,O,O
desyer,O,O
you,O,O
to,O,O
accept,O,O
ij,O,O
billes,O,O
of,O,O
exchange,O,O
",",O,O
first,O,O
and,O,O
secont,O,O
made,O,O
dew,O,O
to,O,O
Herman,O,O
Peper,O,O
of,O,O
Andwerpe,O,O
",",O,O
cont,O,O
.,O,O
28li,O,O
15s,O,O
0d,O,O
Fl.,O,O
",",O,O
and,O,O
ij,O,O
billes,O,O
",",O,O
first,O,O
and,O,O
seconde,O,O
",",O,O
made,O,O
dew,O,O
to,O,O
Laurens,O,O
Burkens,O,O
of,O,O
Andwerp,O,O
",",O,O
cont,O,O
.,O,O
51li,O,O
15s,O,O
0d,O,O
Fl.,O,O
",",O,O
(2a,O,O
),O,O
all,O,O
paieable,O,O
at,O,O
usans,O,O
",",O,O
which,O,O
is,O,O
the,B,B
vjth,I,I
of,I,I
Aprill,I,I
",",O,O
and,O,O
is,O,O
for,O,O
the,O,O
velew,O,O
receavid,O,O
of,O,O
John,O,O
Rowland,O,O
;,O,O
and,O,O
whereas,O,O
ye,O,O
have,O,O
not,O,O
in,O,O
your,O,O
handes,O,O
to,O,O
discharge,O,O
it,O,O
",",O,O
my,O,O
brother,O,O
Richard,O,O
aforsaid,O,O
hath,O,O
advise,O,O
to,O,O
send,O,O
you,O,O
",",O,O
or,O,O
to,O,O
send,O,O
you,O,O
right,O,O
shortly,O,O
",",O,O
a,O,O
greter,O,O
somme,O,O
of,O,O
monney,O,O
then,O,O
the,O,O
bylles,O,O
comme,O,O
to,O,O
.,O,O
As,O,O
the,O,O
Lord,O,O
knowith,O,O
",",O,O
Who,O,O
kepe,O,O
you,O,O
",",O,O
in,O,O
hast,O,O
.,O,O
Add,O,O
.,O,O
To,O,O
my,O,O
right,O,O
trustie,O,O
frende,O,O
John,O,O
Johnson,O,O
",",O,O
marchaunt,O,O
of,O,O
the,O,O
Staple,O,O
at,O,O
Callais,O,O
",",O,O
be,O,O
this,O,O
delyvered,O,O
at,O,O
Polbroucke,O,O
.,O,O
Anthony,O,O
Cave,O,O
.,O,O
Of,O,O
the,O,O
rest,O,O
delyver,O,O
by,O,O
exchaunge,O,O
to,O,O
some,O,O
good,O,O
sewer,O,O
man,O,O
",",O,O
for,O,O
th'accompt,O,O
of,O,O
Mr,O,O
.,O,O
Cave,O,O
and,O,O
me,O,O
",",O,O
for,O,O
ijCli,O,O
st.,O,O
",",O,O
and,O,O
retayne,O,O
the,O,O
rest,O,O
untyll,O,O
I,O,O
write,O,O
you,O,O
further,O,O
hierafter,O,O
.,O,O
Sir,O,O
",",O,O
this,O,O
is,O,O
chieffly,O,O
to,O,O
desire,O,O
you,O,O
in,O,O
my,O,O
maistere's,O,O
(1a,O,O
),O,O
behalf,O,O
to,O,O
write,O,O
to,O,O
some,O,O
trusty,O,O
and,O,O
diligent,O,O
frend,O,O
of,O,O
youres,O,O
at,O,O
Andwarpe,O,O
",",O,O
to,O,O
provide,O,O
him,O,O
jC,O,O
Cullen,O,O
cliffes,O,O
of,O,O
xxj,O,O
fote,O,O
of,O,O
lenght,O,O
(if,O,O
it,O,O
be,O,O
possible,O,O
to,O,O
fynde,O,O
anny,O,O
so,O,O
long,O,O
",",O,O
or,O,O
ellis,O,O
of,O,O
the,O,O
longest,O,O
that,O,O
be,O,O
made,O,O
),O,O
for,O,O
to,O,O
make,O,O
speres,O,O
of,O,O
",",O,O
and,O,O
di,O,O
.,O,O
hondreth,O,O
of,O,O
javeling,O,O
staves,O,O
also,O,O
of,O,O
the,O,O
longest,O,O
",",O,O
with,O,O
long,O,O
slender,O,O
heedes,O,O
unto,O,O
them,O,O
",",O,O
or,O,O
the,O,O
staves,O,O
withoute,O,O
heedes,O,O
",",O,O
rather,O,O
than,O,O
to,O,O
have,O,O
them,O,O
with,O,O
the,O,O
comen,O,O
sorte,O,O
of,O,O
brodes,O,O
heedes,O,O
;,O,O
which,O,O
thinges,O,O
to,O,O
be,O,O
sent,O,O
hiether,O,O
unto,O,O
me,O,O
with,O,O
all,O,O
diligence,O,O
possible,O,O
",",O,O
for,O,O
he,O,O
doubteth,O,O
to,O,O
have,O,O
nede,O,O
of,O,O
them,O,O
sooner,O,O
than,O,O
anny,O,O
wil,O,O
be,O,O
bought,O,O
hier,O,O
for,O,O
him,O,O
",",O,O
withoute,O,O
expresse,O,O
writing,O,O
into,O,O
Flanders,O,O
for,O,O
them,O,O
",",O,O
wherfor,O,O
you,O,O
may,O,O
do,O,O
him,O,O
and,O,O
me,O,O
also,O,O
moche,O,O
pleasur,O,O
if,O,O
thies,O,O
thinges,O,O
may,O,O
be,O,O
sent,O,O
him,O,O
veray,O,O
shortely,O,O
",",O,O
and,O,O
your,O,O
monney,O,O
shal,O,O
be,O,O
hier,O,O
redy,O,O
for,O,O
you,O,O
",",O,O
at,O,O
sight,O,O
or,O,O
your,O,O
owne,O,O
pleasur,O,O
.,O,O
Add,O,O
.,O,O
Unto,O,O
John,O,O
Johnson,O,O
",",O,O
merchant,O,O
of,O,O
the,O,O
Stapull,O,O
",",O,O
this,O,O
be,O,O
delyverd,O,O
in,O,O
Callys,O,O
.,O,O
End,O,O
.,O,O
1552,B,B
",",O,O
from,O,O
Michel,O,O
Mulier,O,O
at,O,O
Andwerp,O,O
",",O,O
le,B,B
12,I,I
Marche,I,I
;,O,O
receyved,O,O
at,O,O
London,O,O
le,B,B
17,I,I
;,O,O
aunsweryd,O,O
le,B,B
19,I,I
.,O,O
Add,O,O
.,O,O
To,O,O
the,O,O
worshipfull,O,O
and,O,O
my,O,O
loving,O,O
brother,O,O
John,O,O
Johnson,O,O
",",O,O
marchaunt,O,O
of,O,O
the,O,O
Staple,O,O
at,O,O
Callais,O,O
",",O,O
be,O,O
this,O,O
delyvered,O,O
at,O,O
Callais,O,O
or,O,O
Andwerp,O,O
.,O,O
After,O,O
dew,O,O
commendations,O,O
unto,O,O
you,O,O
and,O,O
my,O,O
awnt,O,O
",",O,O
with,O,O
all,O,O
other,O,O
freindes,O,O
wher,O,O
ye,O,O
be,O,O
",",O,O
these,O,O
maye,O,O
be,O,O
to,O,O
advertyse,O,O
you,O,O
of,O,O
the,O,O
recept,O,O
of,O,O
your,O,O
lettre,O,O
of,O,O
the,B,B
v,I,I
of,I,I
this,I,I
present,I,I
moneth,I,I
by,O,O
my,O,O
brother,O,O
Ambrose,O,O
;,O,O
(1a,O,O
),O,O
and,O,O
wheras,O,O
I,O,O
was,O,O
determyned,O,O
to,O,O
have,O,O
this,O,O
mornynge,O,O
departed,O,O
towardes,O,O
Callais,O,O
",",O,O
their,O,O
to,O,O
have,O,O
as,O,O
well,O,O
performed,O,O
my,O,O
promes,O,O
to,O,O
the,O,O
Company,O,O
as,O,O
allso,O,O
to,O,O
have,O,O
procedid,O,O
in,O,O
other,O,O
my,O,O
necessarye,O,O
busynes,O,O
",",O,O
which,O,O
in,O,O
no,O,O
manner,O,O
cannot,O,O
be,O,O
done,O,O
withowt,O,O
myselfe,O,O
",",O,O
for,O,O
Humphe,O,O
Lightfote,O,O
havinge,O,O
made,O,O
no,O,O
manner,O,O
of,O,O
saelles,O,O
their,O,O
to,O,O
the,O,O
Hollanders,O,O
of,O,O
Harlem,O,O
that,O,O
lately,O,O
bowght,O,O
xviij,O,O
M,O,O
.,O,O
felles,O,O
",",O,O
yt,O,O
wer,O,O
very,O,O
nedfull,O,O
for,O,O
me,O,O
to,O,O
make,O,O
provision,O,O
for,O,O
monney,O,O
to,O,O
dispatche,O,O
that,O,O
ye,O,O
looke,O,O
to,O,O
have,O,O
of,O,O
me,O,O
this,B,O
Mychellmas,I,B
",",O,O
and,O,O
allso,O,O
to,O,O
paye,O,O
unto,O,O
other,O,O
that,O,O
I,O,O
owe,O,O
monney,O,O
unto,O,O
bothe,O,O
for,O,O
wullis,O,O
and,O,O
fellis,O,O
;,O,O
nowe,O,O
am,O,O
compelled,O,O
onles,O,O
I,O,O
wold,O,O
seme,O,O
to,O,O
forsake,O,O
you,O,O
in,O,O
your,O,O
nede,O,O
",",O,O
and,O,O
so,O,O
purchase,O,O
your,O,O
displeasure,O,O
),O,O
to,O,O
leave,O,O
all,O,O
my,O,O
busynes,O,O
at,O,O
aventeur,O,O
",",O,O
and,O,O
to,O,O
what,O,O
hynderans,O,O
yt,O,O
will,O,O
tourne,O,O
me,O,O
to,O,O
",",O,O
God,O,O
knowith,O,O
.,O,O
The,O,O
fairest,O,O
of,O,O
it,O,O
is,O,O
that,O,O
I,O,O
shal,O,O
be,O,O
constrayned,O,O
to,O,O
take,O,O
up,O,O
monney,O,O
by,O,O
exchaunge,O,O
for,O,O
interest,O,O
to,O,O
furnyshe,O,O
my,O,O
busynes,O,O
",",O,O
wheras,O,O
if,O,O
I,O,O
myght,O,O
a,O,O
gone,O,O
nowe,O,O
to,O,O
Callais,O,O
as,O,O
I,O,O
was,O,O
apoynted,O,O
",",O,O
I,O,O
myght,O,O
have,O,O
made,O,O
other,O,O
"provision,I",O,O
dowght,O,O
not,O,O
.,O,O
Yf,O,O
I,O,O
hed,O,O
apoynted,O,O
myselfe,O,O
to,O,O
have,O,O
taryed,O,O
here,O,O
for,O,O
anny,O,O
other,O,O
busynes,O,O
of,O,O
myne,O,O
awne,O,O
",",O,O
that,O,O
myght,O,O
have,O,O
ymported,O,O
me,O,O
as,O,O
moche,O,O
as,O,O
this,O,O
busynes,O,O
of,O,O
yours,O,O
dothe,O,O
ymport,O,O
you,O,O
",",O,O
I,O,O
am,O,O
afrayde,O,O
ye,O,O
wolde,O,O
have,O,O
thowght,O,O
all,O,O
thinges,O,O
wold,O,O
not,O,O
have,O,O
framed,O,O
well,O,O
with,O,O
me,O,O
",",O,O
wherby,O,O
ye,O,O
showld,O,O
be,O,O
in,O,O
danger,O,O
for,O,O
the,O,O
matters,O,O
ye,O,O
knowe,O,O
of,O,O
betwene,O,O
Wilmot,O,O
and,O,O
me,O,O
",",O,O
and,O,O
theirfore,O,O
shall,O,O
desire,O,O
you,O,O
to,O,O
be,O,O
as,O,O
well,O,O
content,O,O
with,O,O
me,O,O
another,O,O
tyme,O,O
when,O,O
I,O,O
followe,O,O
some,O,O
other,O,O
busynes,O,O
of,O,O
my,O,O
awne,O,O
besides,O,O
that,O,O
busynes,O,O
that,O,O
is,O,O
betwene,O,O
you,O,O
and,O,O
me,O,O
",",O,O
as,O,O
ye,O,O
be,O,O
nowe,O,O
willinge,O,O
to,O,O
have,O,O
me,O,O
to,O,O
leave,O,O
that,O,O
busynes,O,O
to,O,O
serve,O,O
your,O,O
purpose,O,O
otherwyse,O,O
.,O,O
For,O,O
news,O,O
of,O,O
the,O,O
Turk,O,O
whe,O,O
have,O,O
not,O,O
grettlye,O,O
to,O,O
write,O,O
yow,O,O
of,O,O
",",O,O
the,O,O
lettres,O,O
of,O,O
Constantynenoble,O,O
beynge,O,O
here,O,O
aryved,O,O
this,O,O
day,O,O
",",O,O
wyche,O,O
menshon,O,O
not,O,O
other,O,O
then,O,O
that,O,O
men,O,O
suppoose,O,O
the,O,O
Frenchemen,O,O
shall,O,O
no,O,O
longer,O,O
trade,O,O
thither,O,O
",",O,O
the,O,O
Embasador,O,O
(3b,O,O
),O,O
that,O,O
whent,O,O
thither,O,O
beyng,O,O
returnyd,O,O
to,O,O
Marselis,O,O
;,O,O
and,O,O
was,O,O
hyghly,O,O
entertened,O,O
of,O,O
the,O,O
Turke,O,O
",",O,O
who,O,O
made,O,O
hym,O,O
a,O,O
bankett,O,O
wherat,O,O
was,O,O
300,O,O
men,O,O
to,O,O
serve,O,O
hit,O,O
",",O,O
and,O,O
after,O,O
the,O,O
bankett,O,O
was,O,O
fynyshed,O,O
gave,O,O
the,O,O
sayde,O,O
Embasador,O,O
the,O,O
hoole,O,O
plate,O,O
that,O,O
served,O,O
at,O,O
the,O,O
same,O,O
bankett,O,O
;,O,O
but,O,O
yf,O,O
he,O,O
had,O,O
tared,O,O
(4b,O,O
),O,O
cary,O,O
days,O,O
longer,O,O
that,O,O
the,O,O
Turke,O,O
had,O,O
knowen,O,O
of,O,O
the,O,O
peace,O,O
",",O,O
(4b,O,O
),O,O
he,O,O
had,O,O
tared,O,O
and,O,O
his,O,O
plate,O,O
allsoo,O,O
.,O,O
The,O,O
say,O,O
ther,O,O
ys,O,O
now,O,O
another,O,O
Embasodor,O,O
gone,O,O
thither,O,O
from,O,O
France,O,O
;,O,O
allsoo,O,O
the,O,O
sayde,O,O
Turke,O,O
hath,O,O
gevyn,O,O
the,O,O
Seyngnyore,O,O
here,O,O
3,O,O
or,O,O
4,O,O
Ml,O,O
.,O,O
dokettes,O,O
that,O,O
the,O,O
have,O,O
payd,O,O
yerely,O,O
in,O,O
his,O,O
lande,O,O
by,O,O
serten,O,O
customes,O,O
",",O,O
soo,O,O
that,O,O
he,O,O
seekes,O,O
all,O,O
meyns,O,O
possible,O,O
to,O,O
have,O,O
frendes,O,O
in,O,O
Cristondome,O,B
",",O,O
makyng,O,O
greatt,O,O
preperatyon,O,O
to,O,O
goo,O,O
ageynst,O,O
Hongery,O,O
and,O,O
Veyna,O,O
",",O,O
the,O,O
chyffe,O,O
towne,O,O
therin,O,O
",",O,O
intendyng,O,O
to,O,O
come,O,O
thither,O,O
this,O,O
next,O,O
somer,O,O
",",O,O
God,O,O
sende,O,O
him,O,O
yll,O,O
successe,O,O
.,O,O
End,O,O
.,O,O
1551,B,B
",",O,O
from,O,O
Richard,O,O
Sandaell,O,O
at,O,O
London,O,O
",",O,O
le,B,B
10,I,I
September,I,I
;,O,O
receyved,O,O
at,O,O
Glapthorne,O,O
le,B,B
14,I,I
of,I,I
the,I,I
same,I,I
;,O,O
aunsweryd,O,O
le,O,B
.,O,O
Thomas,O,O
Rose,O,O
havyng,O,O
beyn,O,O
here,O,O
and,O,O
requyrid,O,O
the,O,O
321li,O,O
l3s,O,O
4d,O,O
for,O,O
James,O,O
Clarke,O,O
without,O,O
his,O,O
bill,O,O
",",O,O
I,O,O
have,O,O
not,O,O
paid,O,O
hym,O,O
the,O,O
same,O,O
",",O,O
but,O,O
first,O,O
causid,O,O
hym,O,O
to,O,O
sende,O,O
for,O,O
the,O,O
said,O,O
bill,O,O
whiche,O,O
he,O,O
saith,O,O
ys,O,O
in,O,O
Ynglonde,O,O
",",O,O
yf,O,O
there,O,O
wear,O,O
any,O,O
delyvered,O,O
.,O,O
Sir,O,O
",",O,O
I,O,O
have,O,O
sente,O,O
to,O,O
my,O,O
brother,O,O
Otwell,O,O
billis,O,O
of,O,O
my,O,O
gossep,O,O
Crante's,O,O
",",O,O
Mistris,O,O
Baynam's,O,O
kynswoman,O,O
.,O,O
I,O,O
praie,O,O
you,O,O
",",O,O
at,O,O
your,O,O
comyng,O,O
to,O,O
London,O,O
sett,O,O
them,O,O
and,O,O
other,O,O
that,O,O
ye,O,O
have,O,O
forward,O,O
in,O,O
the,O,O
lave,O,O
.,O,O
;,O,O
.,O,O
and,O,O
often,O,O
.,O,O
of,O,O
a,O,O
.,O,O
Lorde,O,O
graunt,O,O
you,O,O
your,O,O
gentill,O,O
herte's,O,O
desier,O,O
.,O,O
By,O,O
youres,O,O
to,O,O
comand,O,O
",",O,O
Otwell,O,O
Johnson,O,O
.,O,O
Afor,O,O
the,O,O
selyng,O,O
of,O,O
this,O,O
my,O,O
letter,O,O
",",O,O
I,O,O
resevyde,O,O
your,O,O
letter,O,O
",",O,O
dat,O,O
the,B,B
xviijth,I,I
of,I,I
October,I,I
",",O,O
wherby,O,O
I,O,O
perseve,O,O
ye,O,O
wolde,O,O
be,O,O
informed,O,O
consernyng,O,O
my,O,O
prices,O,O
bothe,O,O
of,O,O
woll,O,O
and,O,O
felles,O,O
",",O,O
wyche,O,O
.,O,O
to,O,O
my,O,O
trusty,O,O
frende,O,O
to,O,O
set,O,O
my,O,O
price,O,O
her,O,O
.,O,O
But,O,O
to,O,O
sell,O,O
.,O,O
and,O,O
as,O,O
thoughe,O,O
yt,O,O
wer,O,O
your,O,O
oune,O,O
for,O,O
redy,O,O
monay,O,O
.,O,O
unto,O,O
",",O,O
and,O,O
farther,O,O
do,O,O
your,O,O
plesur,O,O
",",O,O
as,O,O
I,O,O
have,O,O
withyn,O,O
.,O,O
I,O,O
sell,O,O
anny,O,O
mor,O,O
or,O,O
not,O,O
",",O,O
unles,O,O
ye,O,O
hav,O,O
a,O,O
.,O,O
allso,O,O
namyd,O,O
.,O,O
And,O,O
vher,O,O
ye,O,O
canenot,O,O
perseve,O,O
but,O,O
.,O,O
so,O,O
moche,O,O
monay,O,O
redy,O,O
at,O,O
London,O,O
as,O,O
the,O,O
sayde,O,O
custom,O,O
amounteth,O,O
to,O,O
",",O,O
upon,O,O
syght,O,O
of,O,O
your,O,O
letter,O,O
",",O,O
I,O,O
schall,O,O
not,O,O
fayll,O,O
",",O,O
God,O,O
willing,O,O
.,O,O
yt,O,O
yom,O,O
myselff,O,O
",",O,O
yff,O,O
ther,O,O
be,O,O
no,O,O
remedy,O,O
",",O,O
so,O,O
that,O,O
.,O,O
.,O,O
respyt,O,O
after,O,O
to,O,O
ryd,O,O
from,O,O
hence,O,O
to,O,O
London,O,O
and,O,O
yt,O,O
.,O,O
to,O,O
come,O,O
ther,O,O
.,O,O
The,O,O
felles,O,O
stondes,O,O
me,O,O
yn,O,O
most,O,O
vjS,O,O
and,O,O
.,O,O
and,O,O
medyll,O,O
xiij,O,O
markes,O,O
;,O,O
some,O,O
of,O,O
the,O,O
felles,O,O
",",O,O
as,O,O
Jhon,O,O
Langford,O,O
writes,O,O
",",O,O
cost,O,O
but,O,O
vs,O,O
",",O,O
wyche,O,O
be,O,O
nat,O,O
meny,O,O
.,O,O
As,O,O
God,O,O
knov,O,O
",",O,O
Who,O,O
.,O,O
deseyr,O,O
",",O,O
and,O,O
send,O,O
ye,O,O
to,O,O
thes,O,O
partys,O,O
.,O,O
By,O,O
yowr,O,O
faythfull,O,O
frend,O,O
",",O,O
26.ROBERT,O,O
SAUNDERS,O,O
TO,O,O
OTWELL,O,O
JOHNSON,O,O
Being,O,O
sorry,O,O
(brother,O,O
),O,O
of,O,O
your,O,O
acrasement,O,O
",",O,O
and,O,O
the,O,O
lyxe,O,O
is,O,O
all,O,O
your,O,O
frendes,O,O
hier,O,O
",",O,O
but,O,O
we,O,O
hope,O,O
of,O,O
your,O,O
amendement,O,O
",",O,O
this,O,O
shal,O,O
be,O,O
to,O,O
declaire,O,O
unto,O,O
you,O,O
tnat,O,O
by,O,O
this,O,O
berar,O,O
",",O,O
your,O,O
servaunt,O,O
Richard,O,O
Preston,O,O
",",O,O
I,O,O
send,O,O
you,O,O
according,O,O
to,O,O
your,O,O
writing,O,O
by,O,O
him,O,O
iiij^xx,O,O
li,O,O
st,O,O
.,O,O
(I,O,O
say,O,O
),O,O
80li,O,O
0s,O,O
0d,O,O
st.,O,O
",",O,O
bycause,O,O
that,O,O
I,O,O
have,O,O
not,O,O
sent,O,O
you,O,O
befor,O,O
this,O,O
the,O,O
xxx,O,O
li,O,O
that,O,O
you,O,O
write,O,O
of,O,O
.,O,O
But,O,O
the,O,O
xxli,O,O
to,O,O
Mr,O,O
.,O,O
Cave,O,O
I,O,O
have,O,O
paid,O,O
",",O,O
and,O,O
moche,O,O
more,O,O
",",O,O
wherof,O,O
my,O,O
former,O,O
lettres,O,O
the,O,O
last,O,O
weke,O,O
",",O,O
and,O,O
also,O,O
iiij,O,O
or,O,O
v,O,O
dayes,O,O
past,O,O
",",O,O
sent,O,O
by,O,O
the,O,O
way,O,O
of,O,O
tykeford,O,O
",",O,O
do,O,O
mencion,O,O
samewhat,O,O
at,O,O
large,O,O
",",O,O
Which,O,O
I,O,O
trust,O,O
befor,O,O
this,O,O
tyme,O,O
you,O,O
have,O,O
receyved,O,O
",",O,O
and,O,O
by,O,O
them,O,O
perceave,O,O
howe,O,O
I,O,O
have,O,O
aunsweryd,O,O
all,O,O
your,O,O
buysines,O,O
hietherto,O,O
",",O,O
withoute,O,O
yrkesomnes,O,O
I,O,O
trust,O,O
",",O,O
(1a,O,O
),O,O
or,O,O
ellis,O,O
your,O,O
thinges,O,O
hadde,O,O
ben,O,O
at,O,O
a,O,O
larger,O,O
square,O,O
than,O,O
(thanked,O,O
be,O,O
God,O,O
),O,O
thay,O,O
be,O,O
at,O,O
",",O,O
albeit,O,O
that,O,O
indede,O,O
to,O,O
the,O,O
performance,O,O
therof,O,O
I,O,O
have,O,O
used,O,O
th'exchange,O,O
the,O,O
more,O,O
familiarely,O,O
tnan,O,O
ellis,O,O
I,O,O
wold,O,O
have,O,O
done,O,O
",",O,O
if,O,O
I,O,O
could,O,O
by,O,O
anny,O,O
other,O,O
measne,O,O
have,O,O
furnisshed,O,O
owte,O,O
the,O,O
same,O,O
",",O,O
as,O,O
I,O,O
thinke,O,O
you,O,O
have,O,O
sufficient,O,O
perseveraunce,O,O
by,O,O
my,O,O
former,O,O
writing,O,O
",",O,O
so,O,O
that,O,O
hier,O,O
I,O,O
nede,O,O
not,O,O
repete,O,O
the,O,O
mater,O,O
particularely,O,O
agen,O,O
.,O,O
But,O,O
yet,O,O
brieffly,O,O
understond,O,O
that,O,O
I,O,O
have,O,O
charged,O,O
Robert,O,O
Androwe,O,O
in,O,O
your,O,O
name,O,O
with,O,O
thies,O,O
payementes,O,O
following,O,O
",",O,O
sins,O,O
your,O,O
owne,O,O
being,O,O
hier,O,O
",",O,O
vic'z,O,O
.,O,O
At,O,O
London,O,O
",",O,O
the,B,B
first,I,I
in,I,I
July,I,I
",",I,I
1542,I,I
.,O,O
I,O,O
offryd,O,O
him,O,O
to,O,O
geve,O,O
him,O,O
part,O,O
of,O,O
the,O,O
monney,O,O
to,O,O
provide,O,O
you,O,O
thear,O,O
",",O,O
but,O,O
he,O,O
wolde,O,O
not,O,O
here,O,O
of,O,O
that,O,O
syde,O,O
;,O,O
he,O,O
ys,O,O
to,O,O
crafty,O,O
to,O,O
be,O,O
syrcumvented,O,O
.,O,O
I,O,O
can,O,O
say,O,O
no,O,O
more,O,O
",",O,O
but,O,O
you,O,O
must,O,O
provide,O,O
for,O,O
yourselffe,O,O
thear,O,O
",",O,O
or,O,O
yf,O,O
you,O,O
cannot,O,O
",",O,O
then,O,O
I,O,O
recken,O,O
I,O,O
can,O,O
provide,O,O
for,O,O
you,O,O
here,O,O
in,O,O
this,O,O
towng,O,O
by,O,O
means,O,O
of,O,O
iij,O,O
or,O,O
iiij,O,O
shippes,O,O
wiche,O,O
Hasby,O,O
and,O,O
his,O,O
company,O,O
hathe,O,O
taken,O,O
.,O,O
Write,O,O
me,O,O
what,O,O
waye,O,O
you,O,O
will,O,O
take,O,O
",",O,O
and,O,O
I,O,O
will,O,O
follow,O,O
your,O,O
advise,O,O
.,O,O
Seigneur,O,O
",",O,O
se,O,O
il,O,O
est,O,O
chosse,O,O
que,O,O
je,O,O
puisse,O,O
faire,O,O
",",O,O
mande,O,O
le,O,O
moy,O,O
",",O,O
et,O,O
je,O,O
le,O,O
feray,O,O
.,O,O
Seigneur,O,O
",",O,O
je,O,O
vous,O,O
prie,O,O
que,O,O
vieulles,O,O
achepeter,O,O
trois,O,O
de,O,O
mes,O,O
cedulle,O,O
",",O,O
chusqune,O,O
de,O,O
100li,O,O
seterlin,O,O
",",O,O
assavrir,O,O
unne,O,O
sur,O,O
Jan,O,O
Groussen,O,O
",",O,O
et,O,O
unne,O,O
sur,O,O
Tomas,O,O
Brounile,O,O
",",O,O
et,O,O
l'autre,O,O
sur,O,O
Josse,O,O
Secorre,O,O
et,O,O
Frere,O,O
",",O,O
et,O,O
je,O,O
vous,O,O
renvoiray,O,O
otant,O,O
a,O,O
rechevoir,O,O
",",O,O
pour,O,O
le,O,O
dit,O,O
jour,O,O
",",O,O
et,O,O
sinon,O,O
le,O,O
reprende,O,O
sur,O,O
moy,O,O
;,O,O
mes,O,O
je,O,O
espere,O,O
que,O,O
je,O,O
il,O,O
furniray,O,O
sans,O,O
fortune,O,O
;,O,O
partant,O,O
je,O,O
vous,O,O
prie,O,O
que,O,O
les,O,O
achaipt,O,O
et,O,O
paie,O,O
come,O,O
je,O,O
feroie,O,O
pour,O,O
vous,O,O
",",O,O
sy,O,O
me,O,O
le,O,O
mandies,O,O
;,O,O
pour,O,O
advis,O,O
.,O,O
I,O,O
receyved,O,O
youres,O,O
by,O,O
Cokyn,O,O
",",O,O
hertely,O,O
thanckyng,O,O
youe,O,O
for,O,O
your,O,O
jentill,O,O
remembrances,O,O
;,O,O
and,O,O
I,O,O
shall,O,O
desyre,O,O
youe,O,O
",",O,O
althowgh,O,O
ye,O,O
have,O,O
gyven,O,O
in,O,O
commission,O,O
to,O,O
your,O,O
servant,O,O
to,O,O
make,O,O
sale,O,O
of,O,O
all,O,O
the,O,O
wynes,O,O
",",O,O
savyng,O,O
x,O,O
tonnes,O,O
of,O,O
the,O,O
best,O,O
to,O,O
be,O,O
reservyd,O,O
for,O,O
fryndes,O,O
",",O,O
yet,O,O
I,O,O
shall,O,O
desyre,O,O
youe,O,O
that,O,O
ye,O,O
will,O,O
wrightt,O,O
hym,O,O
to,O,O
apoint,O,O
me,O,O
iiij,O,O
tonne,O,O
at,O,O
leest,O,O
",",O,O
well,O,O
soortted,O,O
with,O,O
som,O,O
colowrs,O,O
",",O,O
and,O,O
ij,O,O
tonnes,O,O
of,O,O
the,O,O
x,O,O
tonnes,O,O
reservyd,O,O
;,O,O
which,O,O
vj,O,O
tonne,O,O
I,O,O
woolld,O,O
send,O,O
for,O,O
to,O,O
Saint,B,O
Yves,I,O
",",O,O
to,O,O
perfforme,O,O
my,O,O
apointement,O,O
made,O,O
with,O,O
som,O,O
that,O,O
have,O,O
desyred,O,O
to,O,O
have,O,O
of,O,O
me,O,O
boothe,O,O
wynes,O,O
and,O,O
other,O,O
thynges,O,O
;,O,O
and,O,O
havyng,O,O
apointed,O,O
a,O,O
place,O,O
at,O,O
Sainct,B,O
Yves,I,O
",",O,O
where,O,O
as,O,O
well,O,O
these,O,O
wynes,O,O
as,O,O
other,O,O
thynges,O,O
when,O,O
God,O,O
sendes,O,O
them,O,O
shal,O,O
be,O,O
leyid,O,O
",",O,O
apon,O,O
your,O,O
answer,O,O
I,O,O
entend,O,O
to,O,O
send,O,O
one,O,O
of,O,O
myne,O,O
owne,O,O
servantes,O,O
to,O,O
Lynne,O,O
",",O,O
to,O,O
know,O,O
the,O,O
wye,O,O
and,O,O
to,O,O
receyve,O,O
the,O,O
wynes,O,O
afforsaid,O,O
",",O,O
that,O,O
the,O,O
may,O,O
be,O,O
the,O,O
perffaitter,O,O
in,O,O
usyng,O,O
these,O,O
thynges,O,O
that,O,O
by,O,O
Gode's,O,O
grace,O,O
shall,O,O
followe,O,O
.,O,O
Add,O,O
.,O,O
Unto,O,O
John,O,O
Johnson,O,O
",",O,O
marchant,O,O
off,O,O
the,O,O
Stapull,O,O
of,O,O
Callys,O,O
soit,O,O
donie,O,O
at,O,O
Polbrook,O,O
.,O,O
For,O,O
newes,O,O
",",O,O
you,O,O
shall,O,O
understond,O,O
that,O,O
this,O,O
day,O,O
I,O,O
have,O,O
ben,O,O
bold,O,O
to,O,O
move,O,O
my,O,O
maister,O,O
of,O,O
William,O,O
Stephins,O,O
',O,O
dispatche,O,O
",",O,O
at,O,O
the,O,O
great,O,O
sute,O,O
unto,O,O
me,O,O
made,O,O
on,O,O
his,O,O
wiffe's,O,O
behalf,O,O
and,O,O
her,O,O
frendes,O,O
hier,O,O
.,O,O
Wherin,O,O
I,O,O
have,O,O
found,O,O
him,O,O
very,O,O
gentill,O,O
",",O,O
as,O,O
he,O,O
is,O,O
ever,O,O
to,O,O
me,O,O
",",O,O
so,O,O
that,O,O
his,O,O
aunswer,O,O
was,O,O
that,O,O
he,O,O
knowith,O,O
well,O,O
that,O,O
the,O,O
Kinge's,O,O
Majestye,O,O
doeth,O,O
mynd,O,O
his,O,O
delyverance,O,O
",",O,O
and,O,O
therunto,O,O
he,O,O
will,O,O
move,O,O
his,O,O
grace,O,O
as,O,O
shortely,O,O
as,O,O
it,O,O
may,O,O
be,O,O
done,O,O
conveniently,O,O
;,O,O
but,O,O
nowe,O,O
great,O,O
buysines,O,O
of,O,O
Counsaile,O,O
doeth,O,O
let,O,O
him,O,O
",",O,O
for,O,O
the,O,O
Counsaile,O,O
doeth,O,O
sitt,O,O
dayly,O,O
",",O,O
and,O,O
th'Emperour's,O,O
Imbassadour,O,O
with,O,O
them,O,O
",",O,O
as,O,O
I,O,O
am,O,O
informed,O,O
.,O,O
(2,O,O
),O,O
Jhon,O,O
Coope,O,O
.,O,O
Rychard,O,O
Johnson,O,O
.,O,O
Be,O,O
yowers,O,O
to,O,O
comaund,O,O
",",O,O
Youres,O,O
to,O,O
his,O,O
small,O,O
power,O,O
",",O,O
In,O,O
my,O,O
lovyngest,O,O
maner,O,O
that,O,O
I,O,O
can,O,O
",",O,O
I,O,O
have,O,O
me,O,O
recommende,O,O
unto,O,O
youe,O,O
",",O,O
and,O,O
allso,O,O
unto,O,O
all,O,O
youer,O,O
lovyng,O,O
frendes,O,O
wheyre,O,O
you,O,O
are,O,O
",",O,O
lettyng,O,O
youe,O,O
to,O,O
understand,O,O
that,O,O
youer,O,O
bedffeylow,O,O
at,O,O
the,O,O
makyng,O,O
hearof,O,O
was,O,O
in,O,O
good,O,O
helthe,O,O
and,O,O
mere,O,O
",",O,O
wythall,O,O
owre,O,O
lovyng,O,O
frendes,O,O
here,O,O
",",O,O
thanckes,O,O
be,O,O
unto,O,O
God,O,O
.,O,O
But,O,O
I,O,O
thyncke,O,O
not,O,O
longe,O,O
",",O,O
for,O,O
I,O,O
trust,O,O
in,O,O
God,O,O
ye,O,O
shall,O,O
have,O,O
youer,O,O
bedffeylow,O,O
wyth,O,O
youe,O,O
at,O,O
Aloutyde,O,B
",",O,O
yf,O,O
God,O,O
sende,O,O
hus,O,O
here,O,O
any,O,O
good,O,O
marketes,O,O
",",O,O
as,O,O
I,O,O
trust,O,O
in,O,O
God,O,O
we,O,O
shall,O,O
have,O,O
",",O,O
for,O,O
syns,O,O
hys,O,O
commyng,O,O
ower,O,O
to,O,O
Calys,O,O
he,O,O
hathe,O,O
not,O,O
sold,O,O
one,O,O
fell,O,O
of,O,O
hys,O,O
own,O,O
",",O,O
nor,O,O
of,O,O
youer,O,O
oncle's,O,O
;,O,O
(1,O,O
),O,O
for,O,O
hereas,O,O
byn,O,O
so,O,O
myche,O,O
besones,O,O
be,O,O
reyson,O,O
of,O,O
the,O,O
wars,O,O
(2,O,O
),O,O
that,O,O
marchaundyse,O,O
ys,O,O
leyft,O,O
apart,O,O
",",O,O
God,O,O
mend,O,O
yt,O,O
wan,O,O
hys,O,O
pleysure,O,O
ys,O,O
.,O,O
Thys,O,O
week,O,O
we,O,O
do,O,O
loke,O,O
for,O,O
some,O,O
marchuntes,O,O
",",O,O
trustyng,O,O
in,O,O
God,O,O
that,O,O
youer,O,O
bedffeylow,O,O
wel,O,O
be,O,O
doing,O,O
with,O,O
them,O,O
",",O,O
and,O,O
than,O,O
ye,O,O
shall,O,O
have,O,O
hym,O,O
the,O,O
soner,O,O
wyth,O,O
youe,O,O
",",O,O
for,O,O
I,O,O
asuer,O,O
youe,O,O
he,O,O
thynketh,O,O
only,O,O
to,O,O
be,O,O
at,O,O
home,O,O
wyth,O,O
youe,O,O
",",O,O
as,O,O
ye,O,O
wold,O,O
have,O,O
hym,O,O
wyth,O,O
youe,O,O
.,O,O
479,O,O
.,O,O
ANTHONY,O,O
CAVE,O,O
TO,O,O
JOHN,O,O
JOHNSON,O,O
Your,O,O
loving,O,O
brother,O,O
",",O,O
728,O,O
.,O,O
RICHARD,O,O
SANDELL,O,O
TO,O,O
JOHN,O,O
JOHNSON,O,O
513,O,O
.,O,O
JOHN,O,O
TUPHOLME,O,O
TO,O,O
JOHN,O,O
JOHNSON,O,O
(3,O,O
),O,O
Perhaps,O,O
Sir,O,O
Richard,O,O
Wylcoke,O,O
.,O,O
After,O,O
harty,O,O
comendacions,O,O
(brother,O,O
),O,O
my,O,O
last,O,O
was,O,O
per,O,O
one,O,O
Shakkilton,O,O
",",O,O
a,O,O
grocer,O,O
of,O,O
this,O,O
Cite,O,O
",",O,O
cont,O,O
.,O,O
aunswer,O,O
to,O,O
every,O,O
point,O,O
of,O,O
your,O,O
last,O,O
befor,O,O
.,O,O
But,O,O
sins,O,O
I,O,O
have,O,O
youres,O,O
of,O,O
the,B,B
8th,I,I
of,I,I
this,I,I
present,I,I
",",O,O
which,O,O
is,O,O
to,O,O
long,O,O
to,O,O
aunswer,O,O
at,O,O
full,O,O
nowe,O,O
",",O,O
for,O,O
shortenes,O,O
of,O,O
tyme,O,O
",",O,O
howbeit,O,O
the,O,O
moost,O,O
necessarye,O,O
maters,O,O
I,O,O
will,O,O
touche,O,O
a,O,O
lytell,O,O
.,O,O
Wethers,O,O
you,O,O
have,O,O
in,O,O
all,O,O
xiiij^xx,O,O
and,O,O
xij,O,O
of,O,O
thevis,O,O
;,O,O
of,O,O
them,O,O
bought,O,O
sense,O,O
your,O,O
goyng,O,O
above,O,O
iiij^xx,O,O
.,O,O
If,O,O
Coke,O,O
com,O,O
he,O,O
shall,O,O
have,O,O
xij^xx,O,O
if,O,O
he,O,O
and,O,O
I,O,O
can,O,O
agre,O,O
",",O,O
but,O,O
he,O,O
shall,O,O
paie,O,O
att,O,O
viijs,O,O
a,O,O
shepe,O,O
.,O,O
John,O,O
Johnson,O,O
.,O,O
By,O,O
your,O,O
apprentice,O,O
",",O,O
331,O,O
JOHN,O,O
JOHNSON,O,O
TO,O,O
CHRISTOPHER,O,O
BRETEN,O,O
Newes,O,O
from,O,O
the,O,O
see,O,O
I,O,O
heare,O,O
none,O,O
as,O,O
yett,O,O
that,O,O
be,O,O
certain,O,O
",",O,O
butt,O,O
it,O,O
wil,O,O
not,O,O
be,O,O
long,O,O
yer,O,O
anny,O,O
will,O,O
come,O,O
",",O,O
for,O,O
the,O,O
Kinge's,O,O
Majestie,O,O
is,O,O
perfaictly,O,O
informed,O,O
that,O,O
the,B,B
5th,I,I
day,I,I
of,I,I
this,I,I
monneth,I,I
",",O,O
all,O,O
the,O,O
Frensshe,O,O
navie,O,O
shuld,O,O
be,O,O
in,O,O
redines,O,O
to,O,O
starte,O,O
abrode,O,O
.,O,O
I,O,O
suppose,O,O
all,O,O
shal,O,O
not,O,O
eskape,O,O
our,O,O
Englisshe,O,O
navie,O,O
",",O,O
the,O,O
good,O,O
Lorde's,O,O
will,O,O
be,O,O
done,O,O
in,O,O
everything,O,O
and,O,O
place,O,O
",",O,O
for,O,O
the,O,O
Counsaile,O,O
of,O,O
this,O,O
reaulme,O,O
do,O,O
gyve,O,O
men,O,O
moche,O,O
warening,O,O
of,O,O
Flanders,O,O
",",O,O
as,O,O
well,O,O
as,O,O
thay,O,O
do,O,O
provide,O,O
against,O,O
Frensshemen,O,O
.,O,O
(3b,O,O
),O,O
This,O,O
daye,O,O
I,O,O
am,O,O
going,O,O
into,O,O
Northamptonshyer,O,O
.,O,O
What,O,O
I,O,O
shall,O,O
doo,O,O
their,O,O
I,O,O
knowe,O,O
not,O,O
",",O,O
but,O,O
of,O,O
all,O,O
my,O,O
doyinges,O,O
you,O,O
shall,O,O
have,O,O
knowleage,O,O
with,O,O
spede,O,O
.,O,O
Thus,O,O
after,O,O
all,O,O
loving,O,O
comendacions,O,O
to,O,O
all,O,O
frendes,O,O
in,O,O
Calleis,O,O
",",O,O
as,O,O
well,O,O
as,O,O
if,O,O
I,O,O
rehersed,O,O
them,O,O
by,O,O
name,O,O
",",O,O
I,O,O
besieche,O,O
Almighty,O,O
God,O,O
to,O,O
kepe,O,O
you,O,O
in,O,O
welfaire,O,O
",",O,O
and,O,O
send,O,O
us,O,O
a,O,O
merry,O,O
meting,O,O
.,O,O
To,O,O
Master,O,O
Anthony,O,O
Cave,O,O
Cosyn,O,O
",",O,O
as,O,O
I,O,O
have,O,O
her,O,O
.,O,O
yow,O,O
for,O,O
more,O,O
mony,O,O
",",O,O
evyn,O,O
so,O,O
now,O,O
again,O,O
I,O,O
pray,O,O
yow,O,O
thatt,O,O
yow,O,O
wyll,O,O
as,O,O
shortly,O,O
as,O,O
you,O,O
may,O,O
have,O,O
covayance,O,O
",",O,O
to,O,O
send,O,O
xxli,O,O
or,O,O
more,O,O
.,O,O
good,O,O
for,O,O
the,O,O
accomplysshyng,O,O
hereof,O,O
",",O,O
and,O,O
i,O,O
will,O,O
do,O,O
the,O,O
best,O,O
thatt,O,O
lyethe,O,O
in,O,O
me,O,O
.,O,O
ys,O,O
all,O,O
bestowyd,O,O
and,O,O
more,O,O
.,O,O
.,O,O
.,O,O
thes,O,O
vj,O,O
days,O,O
.,O,O
As,O,O
for,O,O
the,O,O
.,O,O
I,O,O
have,O,O
allredy,O,O
provyded,O,O
.,O,O
as,O,O
yett,O,O
ernestyd,O,O
.,O,O
thatt,O,O
thatt,O,O
ys,O,O
to,O,O
.,O,O
soever,O,O
yet,O,O
shal,O,O
be,O,O
.,O,O
butt,O,O
under,O,O
.,O,O
att,O,O
the,O,O
lest,O,O
.,O,O
.,O,O
yn,O,O
I,O,O
trust,O,O
.,O,O
brother,O,O
Johnson,O,O
thowght,O,O
I,O,O
wryght,O,O
.,O,O
unto,O,O
hym,O,O
",",O,O
unto,O,O
whoom,O,O
I,O,O
preye,O,O
yow,O,O
to,O,O
have,O,O
me,O,O
hartely,O,O
recomendyd,O,O
.,O,O
To,O,O
Mr,O,O
.,O,O
Thomas,O,O
sBrudenell,O,O
",",O,O
All,O,O
soortes,O,O
off,O,O
wolles,O,O
be,O,O
here,O,O
vendable,O,O
",",O,O
for,O,O
none,O,O
is,O,O
lefft,O,O
unsold,O,O
but,O,O
Marche,O,O
and,O,O
Lymster,O,O
",",O,O
and,O,O
of,O,O
those,O,O
soertes,O,O
by,O,O
Whytsontyde,B,B
I,O,O
thynke,O,O
none,O,O
wyl,O,O
be,O,O
lefft,O,O
",",O,O
or,O,O
at,O,O
the,O,O
least,O,O
very,O,O
lyttell,O,O
.,O,O
Cottes,O,O
was,O,O
at,O,O
the,O,O
fyrst,O,O
most,O,O
desyred,O,O
and,O,O
sonest,O,O
sold,O,O
",",O,O
and,O,O
the,O,O
base,O,O
sortes,O,O
",",O,O
viz,O,O
.,O,O
Lynsey,O,O
and,O,O
Kesten,O,O
",",O,O
wold,O,O
have,O,O
bene,O,O
by,O,O
the,O,O
Hyghe,O,O
Duches,O,O
bought,O,O
at,O,O
hygher,O,O
prices,O,O
then,O,O
the,O,O
Hollanders,O,O
do,O,O
pay,O,O
",",O,O
and,O,O
therfore,O,O
to,O,O
write,O,O
youe,O,O
which,O,O
is,O,O
moste,O,O
vendable,O,O
I,O,O
cannot,O,O
.,O,O
Jhesus,B,O
anno,I,B
1546,I,I
",",I,I
the,I,I
last,I,I
in,I,I
Marche,I,I
",",O,O
at,O,O
London,O,O
.,O,O
This,O,O
day,O,O
from,O,O
Andwarpe,O,O
",",O,O
ar,O,O
arryved,O,O
my,O,O
maistere's,O,O
(1b,O,O
),O,O
paving-tyles,O,O
.,O,O
Thay,O,O
cost,O,O
delivered,O,O
on,O,O
bourd,O,O
the,O,O
shippe,O,O
(as,O,O
Robert,O,O
Androwe,O,O
writeth,O,O
),O,O
21li,O,O
4s,O,O
2d,O,O
.,O,O
My,O,O
maister,O,O
shall,O,O
be,O,O
informed,O,O
therof,O,O
.,O,O
Perchaunce,O,O
he,O,O
will,O,O
gyve,O,O
.,O,O
.,O,O
.,O,O
monny,O,O
for,O,O
them,O,O
;,O,O
if,O,O
he,O,O
do,O,O
",",O,O
it,O,O
wil,O,O
not,O,O
come,O,O
amisse,O,O
.,O,O
Mr,O,O
.,O,O
Johnson,O,O
",",O,O
After,O,O
my,O,O
most,O,O
hertye,O,O
commendacions,O,O
to,O,O
you,O,O
and,O,O
to,O,O
good,O,O
Mistres,O,O
Johnson,O,O
your,O,O
wif,O,O
",",O,O
with,O,O
your,O,O
good,O,O
brother,O,O
",",O,O
(1a,O,O
),O,O
thies,O,O
may,O,O
be,O,O
to,O,O
pray,O,O
you,O,O
to,O,O
delyver,O,O
the,O,O
letter,O,O
sent,O,O
to,O,O
you,O,O
with,O,O
thies,O,O
unto,O,O
one,O,O
William,O,O
James,O,O
",",O,O
dwellyng,O,O
in,O,O
Flete,O,O
Strete,O,O
nere,O,O
the,O,O
Whyte,O,O
Freres,O,O
",",O,O
draper,O,O
;,O,O
of,O,O
whom,O,O
I,O,O
pray,O,O
you,O,O
receyve,O,O
for,O,O
me,O,O
Liiijli,O,O
which,O,O
I,O,O
prayed,O,O
hym,O,O
to,O,O
receyve,O,O
of,O,O
on,O,O
Love,O,O
",",O,O
the,O,O
Kynge's,O,O
taker,O,O
",",O,O
who,O,O
owyth,O,O
me,O,O
the,O,O
same,O,O
for,O,O
oxen,O,O
",",O,O
and,O,O
the,O,O
same,O,O
money,O,O
I,O,O
pray,O,O
you,O,O
bryng,O,O
home,O,O
with,O,O
you,O,O
for,O,O
me,O,O
.,O,O
Also,O,O
I,O,O
pray,O,O
you,O,O
",",O,O
and,O,O
also,O,O
Mr,O,O
.,O,O
Johnson,O,O
your,O,O
brother,O,O
",",O,O
to,O,O
helpe,O,O
me,O,O
to,O,O
ij,O,O
hoggeshedes,O,O
of,O,O
good,O,O
Gascoyne,O,O
wyne,O,O
",",O,O
if,O,O
I,O,O
may,O,O
have,O,O
yt,O,O
for,O,O
vli,O,O
or,O,O
under,O,O
.,O,O
As,O,O
towchyng,O,O
my,O,O
goyng,O,O
to,O,O
Cales,O,O
",",O,O
I,O,O
will,O,O
now,O,O
abide,O,O
your,O,O
commyng,O,O
home,O,O
",",O,O
and,O,O
then,O,O
have,O,O
therin,O,O
yourgood,O,O
advice,O,O
",",O,O
God,O,O
willyng,O,O
",",O,O
Who,O,O
ever,O,O
kepe,O,O
you,O,O
.,O,O
From,O,O
Dene,O,O
thys,B,B
xxiij,I,B
daye,I,I
of,I,I
Marche.(2a),I,I
.,O,O
Add,O,O
.,O,O
To,O,O
my,O,O
trusty,O,O
and,O,O
beloved,O,O
frend,O,O
John,O,O
Johnsone,O,O
",",O,O
marchant,O,O
of,O,O
the,O,O
Staple,O,O
at,O,O
Calleis,O,O
",",O,O
be,O,O
this,O,O
yeven,O,O
at,O,O
Andwarpe,O,O
or,O,O
Calleis,O,O
.,O,O
Add,O,O
.,O,O
To,O,O
my,O,O
very,O,O
trustye,O,O
and,O,O
lovyng,O,O
frynd,O,O
John,O,O
Johnson,O,O
",",O,O
marchunt,O,O
off,O,O
the,O,O
Staple,O,O
at,O,O
Cales,O,O
",",O,O
delyver,O,O
per,O,O
George,O,O
Graunt,O,O
in,O,O
London,O,O
.,O,O
After,O,O
most,O,O
hartiest,O,O
recommendations,O,O
",",O,O
my,O,O
last,O,O
of,O,O
the,B,B
18,I,I
jour,I,I
present,I,O
I,O,O
send,O,O
yow,O,O
with,O,O
my,O,O
lettres,O,O
to,O,O
Rychard,O,O
Whethyll,O,O
",",O,O
the,O,O
same,O,O
cont,O,O
.,O,O
answere,O,O
of,O,O
youres,O,O
of,O,O
the,B,B
23,I,I
of,I,I
the,I,I
last,I,I
",",O,O
(1a,O,O
),O,O
to,O,O
wytt,O,O
",",O,O
that,O,O
I,O,O
can,O,O
fynde,O,O
no,O,O
sylke,O,O
here,O,O
so,O,O
whites,O,O
as,O,O
your,O,O
patron,O,O
.,O,O
Thomas,O,O
Marston,O,O
",",O,O
havyng,O,O
holpen,O,O
me,O,O
to,O,O
seeke,O,O
the,O,O
same,O,O
",",O,O
promysid,O,O
me,O,O
to,O,O
serve,O,O
you,O,O
of,O,O
as,O,O
good,O,O
at,O,O
London,O,O
",",O,O
wherfore,O,O
in,O,O
my,O,O
said,O,O
lettre,O,O
I,O,O
have,O,O
retornyd,O,O
yow,O,O
parte,O,O
of,O,O
the,O,O
same,O,O
patron,O,O
agayne,O,O
",",O,O
and,O,O
so,O,O
far,O,O
as,O,O
he,O,O
do,O,O
not,O,O
performe,O,O
his,O,O
promys,O,O
",",O,O
my,O,O
servis,O,O
shal,O,O
be,O,O
ready,O,O
to,O,O
bey,O,O
yow,O,O
the,O,O
best,O,O
I,O,O
can,O,O
gett,O,O
.,O,O
Your,O,O
armes,O,O
beyng,O,O
under,O,O
hande,O,O
ys,O,O
not,O,O
yet,O,O
all,O,O
fenyshid,O,O
;,O,O
yt,O,O
must,O,O
cost,O,O
1li,O,O
6s,O,O
8d,O,O
Fl.,O,O
",",O,O
etc,O,O
.,O,O
In,O,O
my,O,O
hartyste,O,O
maner,O,O
that,O,O
I,O,O
can,O,O
",",O,O
I,O,O
hartely,O,O
recomand,O,O
me,O,O
unto,O,O
youe,O,O
",",O,O
and,O,O
to,O,O
my,O,O
cossyn,O,O
yore,O,O
wyffe,O,O
",",O,O
glad,O,O
to,O,O
here,O,O
of,O,O
yore,O,O
good,O,O
helthe,O,O
",",O,O
etc,O,O
.,O,O
317,O,O
.,O,O
HENRY,O,O
SOUTHWICK,O,O
TO,O,O
JOHN,O,O
JOHNSON,O,O
Newes,O,O
",",O,O
I,O,O
have,O,O
nonoe,O,O
to,O,O
send,O,O
you,O,O
",",O,O
but,O,O
that,O,O
on,O,O
Fryday,O,O
next,O,O
(God,O,O
willing,O,O
),O,O
my,O,O
Lorde,O,O
of,O,O
Harthford,O,O
doeth,O,O
sett,O,O
forewardes,O,O
towardes,O,O
Scotland,O,O
",",O,O
with,O,O
a,O,O
great,O,O
compaignly,O,O
of,O,O
hoersemen,O,O
and,O,O
also,O,O
foetmen,O,O
",",O,O
the,O,O
lyving,O,O
Lorde,O,O
be,O,O
his,O,O
guyde,O,O
and,O,O
gyve,O,O
him,O,O
as,O,O
prosperous,O,O
successe,O,O
as,O,O
he,O,O
haeth,O,O
hietherto,O,O
hadde,O,O
in,O,O
all,O,O
his,O,O
noble,O,O
attemptes,O,O
",",O,O
God,O,O
so,O,O
continue,O,O
it,O,O
.,O,O
(1b,O,O
),O,O
End,O,O
.,O,O
1545,B,B
",",O,O
Otwell,O,O
Johnson,O,O
lettre,O,O
from,O,O
London,O,O
",",O,O
27,B,B
in,I,I
Maie,I,I
",",O,O
aunswerid,O,O
7,B,B
in,I,I
June,I,I
from,O,O
Callias,O,O
",",O,O
etc,O,O
.,O,O
Entryd,O,O
into,O,O
memoriall,O,O
.,O,O
At,O,O
London,O,O
",",O,O
the,B,B
9th,I,I
in,I,I
June,I,I
",",I,I
1545,I,I
.,O,O
Cristofer,O,O
Breten,O,O
.,O,O
Add,O,O
.,O,O
To,O,O
my,O,O
loving,O,O
frend,O,O
John,O,O
Johnson,O,O
",",O,O
marchant,O,O
of,O,O
the,O,O
Staple,O,O
",",O,O
at,O,O
Maistres,O,O
Baynam's,O,O
howse,O,O
in,O,O
Calleis,O,O
With,O,O
my,O,O
right,O,O
harty,O,O
comendacions,O,O
unto,O,O
you,O,O
",",O,O
brother,O,O
",",O,O
and,O,O
to,O,O
my,O,O
syster,O,O
your,O,O
wiff,O,O
",",O,O
I,O,O
do,O,O
you,O,O
to,O,O
witt,O,O
that,O,O
our,O,O
frend,O,O
Thomas,O,O
Flecton,O,O
delyvered,O,O
me,O,O
your,O,O
last,O,O
lettre,O,O
yesternight,O,O
;,O,O
and,O,O
for,O,O
your,O,O
loving,O,O
offre,O,O
unto,O,O
me,O,O
in,O,O
the,O,O
same,O,O
",",O,O
towardes,O,O
the,O,O
performaunce,O,O
of,O,O
your,O,O
help,O,O
in,O,O
my,O,O
necessite,O,O
",",O,O
I,O,O
do,O,O
moost,O,O
hartely,O,O
thanke,O,O
you,O,O
",",O,O
trusting,O,O
ones,O,O
to,O,O
be,O,O
able,O,O
to,O,O
requite,O,O
part,O,O
of,O,O
your,O,O
goodnes,O,O
.,O,O
Bycause,O,O
I,O,O
thincke,O,O
John,O,O
Perche,O,O
wil,O,O
not,O,O
let,O,O
you,O,O
have,O,O
Cli,O,O
st,O,O
.,O,O
afforehande,O,O
",",O,O
for,O,O
that,O,O
the,O,O
fellis,O,O
he,O,O
had,O,O
of,O,O
your,O,O
predecessour,O,O
(4b,O,O
),O,O
wherbie,O,O
his,O,O
debt,O,O
cam,O,O
),O,O
be,O,O
not,O,O
yet,O,O
sold,O,O
",",O,O
I,O,O
do,O,O
staie,O,O
spekinge,O,O
to,O,O
him,O,O
therof,O,O
untill,O,O
ye,O,O
writte,O,O
me,O,O
againe,O,O
your,O,O
mynd,O,O
:,O,O
for,O,O
in,O,O
movinge,O,O
of,O,O
it,O,O
to,O,O
him,O,O
",",O,O
and,O,O
then,O,O
he,O,O
not,O,O
willinge,O,O
to,O,O
do,O,O
it,O,O
",",O,O
were,O,O
not,O,O
best,O,O
bycause,O,O
it,O,O
myght,O,O
be,O,O
a,O,O
mean,O,O
to,O,O
make,O,O
him,O,O
and,O,O
other,O,O
to,O,O
suspec,O,O
you,O,O
to,O,O
be,O,O
in,O,O
more,O,O
neade,O,O
then,O,O
ye,O,O
ar,O,O
",",O,O
and,O,O
therfore,O,O
thoughe,O,O
it,O,O
be,O,O
moe,O,O
unto,O,O
youre,O,O
paines,O,O
",",O,O
doble,O,O
owt,O,O
that,O,O
povete,O,O
otherwise,O,O
untill,O,O
your,O,O
daie,O,O
come,O,O
",",O,O
at,O,O
which,O,O
tyme,O,O
ye,O,O
shall,O,O
have,O,O
my,O,O
best,O,O
adwise,O,O
",",O,O
yf,O,O
it,O,O
maie,O,O
do,O,O
you,O,O
anny,O,O
pleasure,O,O
.,O,O
John,O,O
Johnson,O,O
.,O,O
Youres,O,O
assewryd,O,O
to,O,O
my,O,O
small,O,O
power,O,O
",",O,O
End,O,O
.,O,O
Aunswerid,O,O
by,O,O
mowthe,O,O
at,O,O
Christemes,B,B
.,O,O
143,O,O
.,O,O
OTWELL,O,O
JOHNSON,O,O
TO,O,O
JOHN,O,O
JOHNSON,O,O
I,O,O
do,O,O
nowe,O,O
by,O,O
this,O,O
berar,O,O
",",O,O
John,O,O
Pynner,O,O
",",O,O
woul-winder,O,O
",",O,O
send,O,O
unto,O,O
you,O,O
Lli,O,O
st,O,O
.,O,O
in,O,O
a,O,O
canvas,O,O
bagge,O,O
sealed,O,O
with,O,O
my,O,O
ring,O,O
",",O,O
all,O,O
white,O,O
monney,O,O
saving,O,O
vjli,O,O
in,O,O
gold,O,O
.,O,O
And,O,O
on,O,O
Monday,O,O
last,O,O
other,O,O
Lli,O,O
st.,O,O
",",O,O
all,O,O
in,O,O
gold,O,O
",",O,O
was,O,O
sent,O,O
to,O,O
Tyxeford,O,O
by,O,O
George,O,O
Grante,O,O
",",O,O
with,O,O
request,O,O
by,O,O
my,O,O
lettre,O,O
to,O,O
Mr,O,O
.,O,O
Cave,O,O
to,O,O
have,O,O
the,O,O
same,O,O
surely,O,O
with,O,O
spede,O,O
to,O,O
be,O,O
sent,O,O
unto,O,O
you,O,O
to,O,O
Glapthorne,O,O
:,O,O
but,O,O
if,O,O
the,O,O
same,O,O
be,O,O
not,O,O
so,O,O
used,O,O
befor,O,O
this,O,O
cometh,O,O
to,O,O
your,O,O
haundes,O,O
",",O,O
I,O,O
doubt,O,O
not,O,O
but,O,O
that,O,O
Peter,O,O
Maister,O,O
your,O,O
servant,O,O
",",O,O
or,O,O
ellis,O,O
Pynner,O,O
",",O,O
this,O,O
said,O,O
berar,O,O
",",O,O
shall,O,O
bring,O,O
yowe,O,O
the,O,O
same,O,O
with,O,O
spede,O,O
.,O,O
Thole,O,O
Cli,O,O
st,O,O
.,O,O
I,O,O
have,O,O
taken,O,O
by,O,O
th'excaaunge,O,O
of,O,O
Guydo,O,O
Cavalcanti,O,O
",",O,O
payeable,O,O
the,O,O
last,O,O
of,O,O
this,O,O
monneth,O,O
",",O,O
after,O,O
22s,O,O
3d,O,O
and,O,O
th'other,O,O
100li,O,O
",",O,O
sent,O,O
you,O,O
befor,O,O
by,O,O
Raeff,O,O
your,O,O
"servaunt,(1a",O,O
),O,O
I,O,O
hadd,O,O
of,O,O
Thomas,O,O
Lokke,O,O
for,O,O
double,O,O
usaunce,O,O
from,O,O
the,O,B
24th,B,I
of,I,I
this,I,I
monneth,I,I
after,O,O
.,O,O
Thus,O,O
brother,O,O
",",O,O
I,O,O
have,O,O
at,O,O
large,O,O
declared,O,O
unto,O,O
you,O,O
soche,O,O
thinges,O,O
as,O,O
I,O,O
thynke,O,O
is,O,O
nedefull,O,O
",",O,O
and,O,O
that,O,O
is,O,O
in,O,O
my,O,O
mynd,O,O
;,O,O
which,O,O
I,O,O
have,O,O
done,O,O
for,O,O
that,O,O
I,O,O
purpose,O,O
not,O,O
to,O,O
come,O,O
to,O,O
Calleis,O,O
at,O,O
his,O,O
viage,O,O
",",O,O
by,O,O
reason,O,O
I,O,O
shuld,O,O
fynd,O,O
not,O,O
myself,O,O
so,O,O
able,O,O
to,O,O
passe,O,O
and,O,O
repasse,O,O
the,O,O
sees,O,O
as,O,O
I,O,O
wold,O,O
desier,O,O
to,O,O
be,O,O
or,O,O
I,O,O
did,O,O
take,O,O
any,O,O
suche,O,O
viage,O,O
in,O,O
hande,O,O
",",O,O
praing,O,O
youe,O,O
to,O,O
be,O,O
diligent,O,O
.,O,O
busynes,O,O
in,O,O
that,O,O
ye,O,O
cane,O,O
",",O,O
and,O,O
if,O,O
ye,O,O
lacke,O,O
counsell,O,O
in,O,O
anyethyng,O,O
.,O,O
Henry,O,O
Southwicke,O,O
",",O,O
to,O,O
whome,O,O
I,O,O
have,O,O
wrytton,O,O
",",O,O
and,O,O
.,O,O
.,O,O
thinges,O,O
that,O,O
shall,O,O
neyde,O,O
",",O,O
and,O,O
I,O,O
will,O,O
.,O,O
.,O,O
deligently,O,O
of,O,O
your,O,O
prosidyng,O,O
",",O,O
I,O,O
wryte,O,O
youe,O,O
.,O,O
from,O,O
tyme,O,O
to,O,O
tyme,O,O
persave,O,O
nede,O,O
.,O,O
your,O,O
old,O,O
matter,O,O
of,O,O
Love,O,O
renew,O,O
.,O,O
of,O,O
the,O,O
fyndes,O,O
.,O,O
My,O,O
counsell,O,O
.,O,O
.,O,O
for,O,O
that,O,O
an,O,O
honest,O,O
comoditi,O,O
hangeth,O,O
.,O,O
.,O,O
bycause,O,O
I,O,O
doute,O,O
ewher,O,O
ye,O,O
.,O,O
the,O,O
.,O,O
ye,O,O
shall,O,O
understande,O,O
that,O,O
fyne,O,O
Marche,O,O
is,O,O
.,O,O
fyne,O,O
Cottes,O,O
xlli,O,O
the,O,O
serpler,O,O
",",O,O
midell,O,O
Cottes,O,O
xxixli,O,O
le,O,O
serpler,O,O
.,O,O
midell,O,O
Berkes,O,O
at,O,O
.,O,O
li,O,O
the,O,O
serpler,O,O
",",O,O
fyne,O,O
Loinssie,O,O
xxiij,O,O
li,O,O
.,O,O
xxvijli,O,O
the,O,O
serpler,O,O
.,O,O
.,O,O
;,O,O
.,O,O
in,O,O
shal,O,O
be,O,O
sondries,O,O
if,O,O
ye,O,O
provyde,O,O
in,O,O
.,O,O
the,O,O
means,O,O
to,O,O
dew,O,O
it,O,O
is,O,O
to,O,O
agreye,O,O
.,O,O
;,O,O
of,O,O
all,O,O
saye,O,O
he,O,O
cannot,O,O
free,O,O
owt,O,O
his,O,O
.,O,O
.,O,O
mydle,O,O
Cottes,O,O
alone,O,O
",",O,O
if,O,O
as,O,O
it,O,O
is,O,O
woerth,O,O
.,O,O
agreye,O,O
with,O,O
them,O,O
that,O,O
hath,O,O
old,O,O
wull,O,O
of,O,O
other,O,O
.,O,O
.,O,O
if,O,O
men,O,O
wyll,O,O
be,O,O
closse,O,O
and,O,O
wyse,O,O
.,O,O
Thus,O,O
maye,O,O
.,O,O
.,O,O
as,O,O
the,O,O
Lord,O,O
knowith,O,O
",",O,O
Who,O,O
kepe,O,O
youe,O,O
",",O,O
in,O,O
hast,O,O
.,O,O
I,O,O
have,O,O
not,O,O
yet,O,O
left,O,O
hens,O,O
",",O,O
for,O,O
that,O,O
our,O,O
shippes,O,O
set,O,O
not,O,O
forward,O,O
owt,O,O
of,O,O
the,O,O
Pole,O,O
before,O,O
Mondaie,O,O
.,O,O
The,O,O
wynd,O,O
was,O,O
noght,O,O
",",O,O
and,O,O
ther,O,O
was,O,O
no,O,O
waffeters,O,O
apointed,O,O
before,O,O
that,O,O
tyme,O,O
",",O,O
ner,O,O
none,O,O
had,O,O
bene,O,O
so,O,O
sone,O,O
appointed,O,O
",",O,O
but,O,O
that,O,O
Mr,O,O
.,O,O
Wodrof,O,O
",",O,O
Mr,O,O
.,O,O
Offley,O,O
and,O,O
I,O,O
was,O,O
Fryday,O,O
and,O,O
Satterday,O,O
at,O,O
the,O,O
.,O,O
Courte,O,O
sewing,O,O
for,O,O
it,O,O
.,O,O
Tomorow,O,O
I,O,O
will,O,O
set,O,O
forwardes,O,O
",",O,O
by,O,O
Godde's,O,O
hellp,O,O
.,O,O
Your,O,O
matter,O,O
of,O,O
Bardysley's,O,O
goyth,O,O
well,O,O
forwardes,O,O
",",O,O
and,O,O
I,O,O
am,O,O
promysed,O,O
by,O,O
Mr,O,O
.,O,O
Swarte,O,O
",",O,O
the,O,O
Mayer's,O,O
vyce,O,O
",",O,O
to,O,O
have,O,O
that,O,O
the,O,O
lawe,O,O
hathe,O,O
gyven,O,O
youe,O,O
within,O,O
this,O,O
fortnyght,O,O
.,O,O
Sir,O,O
",",O,O
I,O,O
pray,O,O
you,O,O
comend,O,O
me,O,O
to,O,O
Thomas,O,O
Flecton,O,O
",",O,O
and,O,O
excuse,O,O
me,O,O
unto,O,O
him,O,O
for,O,O
not,O,O
writing,O,O
to,O,O
him,O,O
by,O,O
Wedde,O,B
",",O,O
but,O,O
his,O,O
maunde,O,O
the,O,O
gentill,O,O
Evanke,O,O
doeth,O,O
bring,O,O
unto,O,O
him,O,O
nowe,O,O
.,O,O
The,O,O
nombre,O,O
of,O,O
the,O,O
reed,O,O
hering,O,O
is,O,O
increased,O,O
",",O,O
and,O,O
I,O,O
have,O,O
added,O,O
sprottes,O,O
unto,O,O
them,O,O
",",O,O
bycause,O,O
I,O,O
wold,O,O
not,O,O
have,O,O
him,O,O
to,O,O
forgett,O,O
",",O,O
with,O,O
the,O,O
same,O,O
mande,O,O
full,O,O
of,O,O
egges,O,O
for,O,O
your,O,O
brekefastes,O,O
this,O,O
Lent,B,B
",",O,O
for,O,O
hier,O,O
none,O,O
will,O,O
be,O,O
hadde,O,O
above,O,O
iij,O,O
or,O,O
iiij,O,O
a,O,O
penny,O,O
.,O,O
I,O,O
am,O,O
sorry,O,O
my,O,O
syster,O,O
your,O,O
wiff,O,O
haeth,O,O
made,O,O
no,O,O
better,O,O
provision,O,O
for,O,O
you,O,O
of,O,O
suche,O,O
thinges,O,O
owte,O,O
of,O,O
your,O,O
countre,O,O
.,O,O
My,O,O
viage,O,O
to,O,O
Bristowe,O,O
I,O,O
do,O,O
as,O,O
yet,O,O
pretend,O,O
uppon,O,O
",",O,O
if,O,O
my,O,O
stokke,O,O
may,O,O
be,O,O
made,O,O
annything,O,O
handsome,O,O
to,O,O
quyte,O,O
costes,O,O
;,O,O
and,O,O
for,O,O
to,O,O
make,O,O
redy,O,O
monney,O,O
of,O,O
all,O,O
that,O,O
I,O,O
shall,O,O
bestowe,O,O
",",O,O
I,O,O
do,O,O
not,O,O
doubt,O,O
therof,O,O
",",O,O
at,O,O
Bartolmewe,B,B
Fayer,I,B
",",O,O
(2,O,O
),O,O
though,O,O
it,O,O
wer,O,O
thrys,O,O
as,O,O
moche,O,O
as,O,O
it,O,O
shal,O,O
be,O,O
",",O,O
God,O,O
willing,O,O
",",O,O
Who,O,O
preserve,O,O
you,O,O
in,O,O
helth,O,O
.,O,O
End,O,O
.,O,O
1551,B,B
",",O,O
from,O,O
my,O,O
wif,O,O
at,O,O
Glapthorne,O,O
the,B,B
last,I,I
in,I,I
Maie,I,I
;,O,O
receyved,O,O
at,O,O
Calles,O,O
.,O,B
June,B,I
;,O,O
aunsweryd,O,O
le,B,B
dit,I,I
.,O,O
Syr,O,O
",",O,O
you,O,O
shall,O,O
understond,O,O
that,O,O
angelles,O,O
be,O,O
cryed,O,O
viijs,O,O
apece,O,O
",",O,O
the,O,O
ryalles,O,O
xijs,O,O
",",O,O
and,O,O
that,O,O
or,O,O
ever,O,O
they,O,O
wer,O,O
cryed,O,O
.,O,O
Syr,O,O
John,O,O
Gressam,O,O
and,O,O
my,O,O
Lorde,O,O
Mayour,O,O
(2a,O,O
),O,O
toke,O,O
upe,O,O
off,O,O
the,O,O
straungeres,O,O
viij,O,O
thowsand,O,O
powndes,O,O
sterling,O,O
by,O,O
exchaunge,O,O
",",O,O
to,O,O
be,O,O
payd,O,O
in,O,O
Flandres,O,O
",",O,O
and,O,O
nowe,O,O
they,O,O
let,O,O
it,O,O
to,O,O
yonge,O,O
men,O,O
by,O,O
rechaunge,O,O
",",O,O
and,O,O
pay,O,O
them,O,O
in,O,O
whyte,O,O
money,O,O
.,O,O
This,O,O
gs,O,O
proclamyd,O,O
this,O,O
present,O,O
Fryday,B,B
",",I,I
the,I,I
17,I,I
day,I,I
of,I,I
May,I,I
.,O,O
(3a,O,O
),O,O
Also,O,O
Syr,O,O
",",O,O
here,O,O
was,O,O
a,O,O
beggerly,O,O
Scott,O,O
cam,O,O
as,O,O
a,O,O
spye,O,O
to,O,O
London,O,O
",",O,O
and,O,O
was,O,O
examynyd,O,O
beffore,O,O
my,O,O
Lorde,O,O
Mayour,O,O
;,O,O
who,O,O
confessyd,O,O
that,O,O
he,O,O
was,O,O
sent,O,O
from,O,O
a,O,O
lorde,O,O
of,O,O
Scotland,O,O
to,O,O
sett,O,O
a,O,O
fyer,O,O
upon,O,O
the,O,O
Kynge's,O,O
pallace,O,O
at,O,O
Westmester,O,B
",",O,O
callyd,O,O
Whytehall,O,O
.,O,O
Other,O,O
newys,O,O
here,O,O
ys,O,O
none,O,O
",",O,O
but,O,O
Mistres,O,O
Smythe,O,O
ys,O,O
very,O,O
sycke,O,O
",",O,O
and,O,O
Otwell,O,O
Jonzon,O,O
of,O,O
a,O,O
ague,O,O
.,O,O
My,O,O
dutie,O,O
remembryd,O,O
",",O,O
I,O,O
hertylye,O,O
recommend,O,O
me,O,O
unto,O,O
you,O,O
",",O,O
trustynge,O,O
in,O,O
Jhesu,O,O
of,O,O
youre,O,O
good,O,O
welffare,O,O
and,O,O
al,O,O
.,O,O
Syr,O,O
",",O,O
I,O,O
wrote,O,O
you,O,O
a,O,O
letter,O,O
longe,O,O
syns,O,O
by,O,O
Thomas,O,O
Lawley,O,O
",",O,O
wiche,O,O
I,O,O
trust,O,O
be,O,O
come,O,O
to,O,O
youre,O,O
haundes,O,O
",",O,O
in,O,O
the,O,O
wiche,O,O
I,O,O
desyryd,O,O
you,O,O
to,O,O
take,O,O
some,O,O
paynes,O,O
in,O,O
vewynge,O,O
of,O,O
my,O,O
fathere's,O,O
(1a,O,O
),O,O
landes,O,O
or,O,O
youre,O,O
departynge,O,O
from,O,O
thens,O,O
",",O,O
as,O,O
a,O,O
indyfferent,O,O
juge,O,O
betwen,O,O
my,O,O
brethern,O,O
and,O,O
me,O,O
",",O,O
that,O,O
you,O,O
may,O,O
juge,O,O
and,O,O
wytnes,O,O
what,O,O
case,O,O
the,O,O
land,O,O
standythe,O,O
yn,O,O
at,O,O
this,O,O
present,O,O
.,O,O
In,O,O
this,O,O
doynge,O,O
you,O,O
bynd,O,O
me,O,O
as,O,O
youre,O,O
bedeman,O,O
.,O,O
Add,O,O
.,O,O
To,O,O
my,O,O
ryght,O,O
trusty,O,O
friend,O,O
John,O,O
Johnson,O,O
",",O,O
marchant,O,O
of,O,O
the,O,O
Staple,O,O
at,O,O
Callais,O,O
",",O,O
this,O,O
be,O,O
delyvered,O,O
at,O,O
London,O,O
.,O,O
Seigneur,O,O
",",O,O
je,O,O
vaudroie,O,O
bien,O,O
avoir,O,O
carssie,O,O
d'encheresmes,O,O
.,O,O
receyver,O,O
of,O,O
3.WILLIAM,O,O
HOWHAM,O,O
TO,O,O
JOHN,O,O
JOHNSON,O,O
Quant,O,O
a,O,O
che,O,O
que,O,O
ditte,O,O
que,O,O
je,O,O
escrive,O,O
en,O,O
Espainne,O,O
pour,O,O
la,O,O
disposition,O,O
de,O,O
Lenne,O,O
;,O,O
et,O,O
je,O,O
le,O,O
feray,O,O
",",O,O
et,O,O
en,O,O
aiant,O,O
responsse,O,O
je,O,O
vous,O,O
en,O,O
advertiray,O,O
de,O,O
tout,O,O
.,O,O
Et,O,O
quant,O,O
a,O,O
vous,O,O
fournir,O,O
argent,O,O
",",O,O
je,O,O
vous,O,O
en,O,O
furniray,O,O
otant,O,O
que,O,O
demandere,O,O
",",O,O
et,O,O
Blasse,O,O
Sandre,O,O
pariellement,O,O
.,O,O
Partant,O,O
vous,O,O
luy,O,O
en,O,O
porre,O,O
parller,O,O
et,O,O
me,O,O
eut,O,O
escrire,O,O
san,O,O
intercussion,O,O
",",O,O
afin,O,O
de,O,O
moy,O,O
fournirner,O,O
a,O,O
l'avent,O,O
cas,O,O
sellon,O,O
que,O,O
je,O,O
sarray,O,O
que,O,O
il,O,O
me,O,O
faudra,O,O
paier,O,O
d'argent,O,O
;,O,O
je,O,O
me,O,O
govouerneray,O,O
a,O,O
l'avenant,O,O
.,O,O
Partant,O,O
escrive,O,O
moy,O,O
le,O,O
plus,O,O
brief,O,O
que,O,O
il,O,O
vous,O,O
sera,O,O
possible,O,O
;,O,O
pour,O,O
advis,O,O
.,O,O
Robert,O,O
Andrew,O,O
.,O,O
Otwell,O,O
Johnsone,O,O
.,O,O
Per,O,O
youres,O,O
to,O,O
his,O,O
power,O,O
",",O,O
504,O,O
.,O,O
OTWELL,O,O
JOHNSON,O,O
TO,O,O
JOHN,O,O
JOHNSON,O,O
I,O,O
perceyve,O,O
by,O,O
Mr,O,O
.,O,O
Cave's,O,O
lettre,O,O
that,O,O
he,O,O
wold,O,O
have,O,O
jCli,O,O
of,O,O
his,O,O
monney,O,O
(he,O,O
writes,O,O
not,O,O
sterling,O,O
ner,O,O
yet,O,O
Flemish,O,O
),O,O
reteyned,O,O
here,O,O
",",O,O
and,O,O
the,O,O
rest,O,O
employed,O,O
as,O,O
you,O,O
shall,O,O
advise,O,O
me,O,O
.,O,O
I,O,O
am,O,O
promysed,O,O
the,O,O
monney,O,O
tomorrowe,O,O
",",O,O
for,O,O
yt,O,O
ys,O,O
commen,O,O
",",O,O
and,O,O
that,O,O
all,O,O
in,O,O
Flemish,O,O
goldes,O,O
",",O,O
for,O,O
I,O,O
can,O,O
get,O,O
no,O,O
promes,O,O
of,O,O
angelles,O,O
.,O,O
Yt,O,O
were,O,O
good,O,O
therffore,O,O
you,O,O
made,O,O
yt,O,O
with,O,O
Hasbrow,O,O
men,O,O
or,O,O
somme,O,O
other,O,O
thear,O,O
to,O,O
be,O,O
payd,O,O
here,O,O
.,O,O
With,O,O
Haryson,O,O
I,O,O
have,O,O
not,O,O
yet,O,O
spoken,O,O
for,O,O
bynhge,O,O
of,O,O
woll,O,O
.,O,O
My,O,O
Ladye,O,O
Brudenell,O,O
hayth,O,O
sold,O,O
har,O,O
woll,O,O
for,O,O
xxiiijs,O,O
a,O,O
tod,O,O
",",O,O
to,O,O
be,O,O
payed,O,O
as,O,O
the,O,O
mony,O,O
goyth,O,O
nowe,O,O
",",O,O
but,O,O
I,O,O
canot,O,O
wryte,O,O
hoy,O,O
it,O,O
is,O,O
that,O,O
hayth,O,O
bought,O,O
it,O,O
.,O,O
And,O,O
for,O,O
to,O,O
certefy,O,O
you,O,O
of,O,O
my,O,O
payementes,O,O
made,O,O
to,O,O
Mr,O,O
.,O,O
Smyth,O,O
for,O,O
Mr,O,O
.,O,O
Cave,O,O
",",O,O
the,O,O
same,O,O
is,O,O
not,O,O
yet,O,O
made,O,O
further,O,O
than,O,O
but,O,O
as,O,O
I,O,O
writt,O,O
unto,O,O
you,O,O
the,O,O
last,O,O
weke,O,O
",",O,O
by,O,O
reasone,O,O
that,O,O
I,O,O
cannot,O,O
receyve,O,O
as,O,O
yet,O,O
the,O,O
monney,O,O
of,O,O
Bartram,O,O
de,O,O
la,O,O
Balle,O,O
that,O,O
is,O,O
dew,O,O
unto,O,O
me,O,O
",",O,O
and,O,O
that,O,O
haeth,O,O
ben,O,O
for,O,O
lakke,O,O
of,O,O
convenient,O,O
leasur,O,O
these,O,O
few,O,O
dayes,O,O
past,O,O
to,O,O
have,O,O
imployed,O,O
myn,O,O
ernest,O,O
labour,O,O
theraboutes,O,O
;,O,O
for,O,O
I,O,O
have,O,O
so,O,O
moche,O,O
ben,O,O
charced,O,O
with,O,O
Mr,O,O
.,O,O
Comptroller's,O,O
affairs,O,O
and,O,O
bussy,O,O
commissions,O,O
all,O,O
this,O,O
weke,O,O
past,O,O
",",O,O
that,O,O
I,O,O
have,O,O
had,O,O
no,O,O
spare,O,O
tyme,O,O
to,O,O
do,O,O
annything,O,O
ellis,O,O
for,O,O
myself,O,O
nor,O,O
any,O,O
other,O,O
",",O,O
and,O,O
the,O,O
chieff,O,O
part,O,O
of,O,O
thoe,O,O
same,O,O
have,O,O
ben,O,O
concerning,O,O
the,O,O
necessite,O,O
for,O,O
provision,O,O
of,O,O
thinges,O,O
to,O,O
the,O,O
Quen's,O,O
howsehold,O,O
",",O,O
which,O,O
I,O,O
suppose,O,O
will,O,O
take,O,O
an,O,O
end,O,O
very,O,O
shortely,O,O
",",O,O
for,O,O
as,O,O
tomorrowe,O,O
in,O,O
the,O,O
morning,O,O
she,O,O
(1,O,O
),O,O
is,O,O
appointed,O,O
to,O,O
lose,O,O
her,O,O
lyff,O,O
within,O,O
the,O,O
Tower,O,O
",",O,O
as,O,O
is,O,O
sayd,O,O
",",O,O
wher,O,O
I,O,O
am,O,O
comanded,O,O
to,O,O
wayte,O,O
uppon,O,O
my,O,O
maister,O,O
",",O,O
(2,O,O
),O,O
and,O,O
therfor,O,O
I,O,O
have,O,O
made,O,O
up,O,O
this,O,O
my,O,O
rude,O,O
lettre,O,O
overnight,O,O
",",O,O
moost,O,O
expressly,O,O
to,O,O
declare,O,O
unto,O,O
you,O,O
the,O,O
newes,O,O
aformencioned,O,O
;,O,O
howbeit,O,O
for,O,O
lakke,O,O
of,O,O
leasur,O,O
nowe,O,O
",",O,O
I,O,O
shall,O,O
gladdly,O,O
open,O,O
a,O,O
great,O,O
deale,O,O
more,O,O
hierof,O,O
at,O,O
our,O,O
meting,O,O
hier,O,O
",",O,O
by,O,O
Gode's,O,O
favour,O,O
.,O,O
Add,O,O
.,O,O
To,O,O
my,O,O
loving,O,O
brother,O,O
John,O,O
Johnson,O,O
",",O,O
marchant,O,O
of,O,O
the,O,O
Staple,O,O
at,O,O
calleis,O,O
",",O,O
be,O,O
this,O,O
delyvered,O,O
ad,O,O
Tykeford,O,O
.,O,O
Add,O,O
.,O,O
To,O,O
my,O,O
ryght,O,O
trusty,O,O
frend,O,O
John,O,O
Johnson,O,O
",",O,O
marchant,O,O
of,O,O
the,O,O
Staple,O,O
at,O,O
Callais,O,O
",",O,O
in,O,O
Lyme,O,O
Streat,O,O
",",O,O
at,O,O
London,O,O
Add,O,O
.,O,O
To,O,O
my,O,O
loving,O,O
frend,O,O
John,O,O
Johnsone,O,O
",",O,O
marchant,O,O
of,O,O
the,O,O
Staple,O,O
at,O,O
Calleis,O,O
Ye,O,O
have,O,O
ij,O,O
serplers,O,O
of,O,O
myne,O,O
:,O,O
I,O,O
shall,O,O
neade,O,O
them,O,O
at,O,O
my,O,O
Lord,O,O
Crumwelle's,O,O
.,O,O
I,O,O
praie,O,O
you,O,O
send,O,O
them,O,O
to,O,O
me,O,O
thether,O,O
a,O,O
Tewsdaie,O,B
next,O,O
before,O,O
none,O,O
;,O,O
and,O,O
faylle,O,O
ye,O,O
not,O,O
therof,O,O
for,O,O
I,O,O
make,O,O
reconyng,O,O
therof,O,O
",",O,O
and,O,O
if,O,O
ye,O,O
promes,O,O
a,O,O
grote,O,O
or,O,O
ij,O,O
to,O,O
hym,O,O
that,O,O
bringith,O,O
them,O,O
thether,O,O
",",O,O
I,O,O
wyll,O,O
paie,O,O
it,O,O
rather,O,O
then,O,O
be,O,O
disapointyd,O,O
.,O,O
Yf,O,O
ye,O,O
please,O,O
to,O,O
come,O,O
thether,O,O
to,O,O
me,O,O
yourself,O,O
I,O,O
wold,O,O
be,O,O
glad,O,O
of,O,O
it,O,O
",",O,O
bycause,O,O
I,O,O
wold,O,O
hear,O,O
how,O,O
ye,O,O
shall,O,O
spede,O,O
on,O,O
Mondaie,O,O
.,O,O
Thus,O,O
Jhesus,O,O
be,O,O
with,O,O
you,O,O
.,O,O
From,O,O
Polbroke,O,O
",",O,O
the,O,B
xxviijth,B,I
daie,I,I
of,I,I
July,I,I
",",I,I
anno,I,I
1546,I,I
.,O,O
Jhesus,O,O
",",O,O
at,O,O
Calles,O,O
le,B,B
25,I,I
jour,I,I
Februarii,I,I
",",O,O
Your,O,O
lettre,O,O
",",O,O
brother,O,O
",",O,O
off,O,O
the,B,B
xvij,I,I
of,I,I
this,I,I
instant,I,I
I,O,O
have,O,O
receyved,O,O
",",O,O
perceyvyng,O,O
that,O,O
ye,O,O
had,O,O
receyved,O,O
sum,O,O
of,O,O
myne,O,O
before,O,O
the,O,O
wrytyng,O,O
theroff,O,O
",",O,O
and,O,O
do,O,O
hope,O,O
that,O,O
ye,O,O
lykewyes,O,O
have,O,O
receyved,O,O
my,O,O
later,O,O
lettres,O,O
",",O,O
and,O,O
by,O,O
them,O,O
be,O,O
fully,O,O
advertysed,O,O
off,O,O
all,O,O
those,O,O
thinges,O,O
wheroff,O,O
it,O,O
semeth,O,O
ye,O,O
were,O,O
not,O,O
then,O,O
certyfyed,O,O
.,O,O
To,O,O
Walter,O,O
Garwaie,O,O
",",O,O
Your,O,O
loving,O,O
brother,O,O
",",O,O
After,O,O
my,O,O
most,O,O
hartie,O,O
recommendations,O,O
",",O,O
yt,O,O
maye,O,O
please,O,O
you,O,O
to,O,O
be,O,O
advertysed,O,O
that,O,O
forasmoche,O,O
as,O,O
sens,O,O
my,O,O
comynge,O,O
hether,O,O
I,O,O
am,O,O
informed,O,O
that,O,O
your,O,O
wood,O,O
salles,O,O
at,O,O
Sherington,O,O
in,O,O
Buckinghamshyre,O,O
be,O,O
not,O,O
gone,O,O
forwardes,O,O
",",O,O
and,O,O
as,O,O
I,O,O
supose,O,O
yt,O,O
is,O,O
nowe,O,O
past,O,O
tyme,O,O
of,O,O
yeare,O,O
for,O,O
fellinge,O,O
the,O,O
same,O,O
",",O,O
these,O,O
shal,O,O
be,O,O
to,O,O
desyre,O,O
youre,O,O
goodwyll,O,O
and,O,O
fortheraunce,O,O
in,O,O
the,O,O
sale,O,O
theirof,O,O
",",O,O
for,O,O
your,O,O
woodes,O,O
be,O,O
very,O,O
nere,O,O
unto,O,O
my,O,O
howse,O,O
;,O,O
and,O,O
shal,O,O
be,O,O
glad,O,O
to,O,O
gyve,O,O
you,O,O
as,O,O
moche,O,O
as,O,O
I,O,O
was,O,O
informed,O,O
ye,O,O
had,O,O
sold,O,O
your,O,O
said,O,O
wod,O,O
for,O,O
",",O,O
trustinge,O,O
in,O,O
your,O,O
jentyllines,O,O
that,O,O
ye,O,O
wyll,O,O
staye,O,O
to,O,O
make,O,O
anny,O,O
graunt,O,O
of,O,O
the,O,O
same,O,O
untyll,O,O
God,O,O
send,O,O
me,O,O
into,O,O
Englond,O,O
",",O,O
and,O,O
the,O,O
rather,O,O
at,O,O
the,O,O
desyre,O,O
of,O,O
my,O,O
freind,O,O
Mr,O,O
.,O,O
Leigh,O,O
",",O,O
whom,O,O
I,O,O
have,O,O
put,O,O
to,O,O
paynes,O,O
to,O,O
wryte,O,O
to,O,O
you,O,O
in,O,O
the,O,O
premysses,O,O
;,O,O
and,O,O
yf,O,O
yt,O,O
shall,O,O
lye,O,O
in,O,O
me,O,O
to,O,O
do,O,O
you,O,O
anny,O,O
pleasur,O,O
in,O,O
these,O,O
parties,O,O
",",O,O
ye,O,O
shall,O,O
fynd,O,O
me,O,O
redie,O,O
to,O,O
my,O,O
power,O,O
.,O,O
Thus,O,O
I,O,O
am,O,O
bold,O,O
to,O,O
troubull,O,O
you,O,O
",",O,O
as,O,O
knowith,O,O
Allmyghtie,O,O
God,O,O
",",O,O
Who,O,O
send,O,O
you,O,O
your,O,O
prosperous,O,O
desyres,O,O
.,O,O
Yt,O,O
maye,O,O
please,O,O
you,O,O
to,O,O
shewe,O,O
Thomas,O,O
Smythe,O,O
my,O,O
freind,O,O
some,O,O
part,O,O
of,O,O
your,O,O
mynd,O,O
howe,O,O
this,O,O
matter,O,O
stondith,O,O
.,O,O
Otwell,O,O
Johnsone,O,O
.,O,O
Mistres,O,O
Baynam,O,O
and,O,O
I,O,O
thanck,O,O
you,O,O
most,O,O
hertely,O,O
for,O,O
ij,O,O
barelles,O,O
beere,O,O
receyved,O,O
by,O,O
Spender,O,O
",",O,O
the,O,O
oon,O,O
wherof,O,O
ys,O,O
undeservid,O,O
on,O,O
my,O,O
behalffe,O,O
",",O,O
as,O,O
knowith,O,O
Owr,O,O
Lord,O,O
Jhesus,O,O
",",O,O
Who,O,O
grant,O,O
me,O,O
power,O,O
to,O,O
requite,O,O
part,O,O
of,O,O
your,O,O
benefyttes,O,O
",",O,O
and,O,O
give,O,O
you,O,O
good,O,O
helthe,O,O
and,O,O
prosperite,O,O
",",O,O
Amen,O,O
.,O,O
Written,O,O
ut,O,O
supra,O,O
.,O,O
Jhesus,O,O
",",O,O
at,O,O
Tickfford,O,O
",",O,O
this,B,B
xiijt,I,I
in,I,I
Juyn,I,I
.,O,O
Polbroke,O,O
.,O,O
Your,O,O
loving,O,O
brother,O,O
",",O,O
Mr,O,O
.,O,O
White,O,O
",",O,O
End,O,O
.,O,O
25,B,B
Desember,I,I
1548,I,I
",",O,O
at,O,O
London,O,O
.,O,O
From,O,O
Otwell,O,O
Johnson,O,O
",",O,O
conserning,O,O
a,O,O
ship,O,O
he,O,O
hathe,O,O
comme,O,O
of,O,O
wyne,O,O
and,O,O
prewnes,O,O
;,O,O
of,O,O
money,O,O
sent,O,O
me,O,O
per,O,O
my,O,O
brother,O,O
Richard,O,O
and,O,O
Laurence,O,O
Saunders,O,O
;,O,O
of,O,O
the,O,O
overcharging,O,O
of,O,O
Robert,O,O
Androwe,O,O
;,O,O
of,O,O
the,O,O
sale,O,O
of,O,O
graine,O,O
in,O,O
Flaunders,O,O
;,O,O
white,O,O
hering,O,O
in,O,O
Flaunders,O,O
worthe,O,O
41,O,O
crownes,O,O
.,O,O
Aunsweryd,O,O
le,B,B
second,I,I
January,I,I
",",O,O
etc,O,O
.,O,O
But,O,O
first,O,O
",",O,O
as,O,O
touching,O,O
my,O,O
ryding,O,O
downe,O,O
into,O,O
the,O,O
countre,O,O
thies,O,O
hollydayes,O,O
",",O,O
I,O,O
am,O,O
yett,O,O
uncertain,O,O
therof,O,O
",",O,O
for,O,O
causes,O,O
expressed,O,O
in,O,O
other,O,O
my,O,O
former,O,O
lettres,O,O
",",O,O
and,O,O
also,O,O
for,O,O
that,O,O
I,O,O
am,O,O
putt,O,O
in,O,O
trust,O,O
to,O,O
receave,O,O
hier,O,O
ceitain,O,O
Gascon,O,O
wins,O,O
of,O,O
Henry,O,O
Garbrande's,O,O
that,O,O
ar,O,O
shipped,O,O
at,O,O
Plummothe,O,O
for,O,O
to,O,O
come,O,O
hiether,O,O
",",O,O
and,O,O
to,O,O
make,O,O
sale,O,O
and,O,O
distribution,O,O
of,O,O
them,O,O
",",O,O
(1a,O,O
),O,O
the,O,O
same,O,O
Henry,O,O
beyng,O,O
called,O,O
to,O,O
other,O,O
urgent,O,O
and,O,O
expedient,O,O
affaires,O,O
",",O,O
to,O,O
long,O,O
hier,O,O
to,O,O
reherse,O,O
",",O,O
the,O,O
doyng,O,O
wherof,O,O
shall,O,O
honnestly,O,O
redounde,O,O
to,O,O
his,O,O
large,O,O
proffite,O,O
",",O,O
(2a,O,O
),O,O
and,O,O
not,O,O
my,O,O
discomodite,O,O
",",O,O
by,O,O
Gode's,O,O
grace,O,O
.,O,O
568,O,O
.,O,O
OTWELL,O,O
JOHNSON,O,O
TO,O,O
JOHN,O,O
JOHNSON,O,O
End,O,O
.,O,O
1546,B,B
",",O,O
Henry,O,O
Sowthwicke's,O,O
lettre,O,O
le,B,B
3,I,I
in,I,I
February,I,I
from,O,O
Callais,O,O
",",O,O
aunsweryd,O,O
from,O,O
Glapthorne,O,O
the,B,B
8,I,I
of,I,I
the,I,I
same,I,I
",",O,O
etc,O,O
(3,O,O
),O,O
Robert,O,O
Saunders,O,O
Further,O,O
he,O,O
writes,O,O
ther,O,O
is,O,O
to,O,O
be,O,O
paid,O,O
for,O,O
a,O,O
lyke,O,O
bill,O,O
of,O,O
the,O,O
same,O,O
Drew's,O,O
",",O,O
by,O,O
reason,O,O
of,O,O
monney,O,O
taken,O,O
up,O,O
at,O,O
London,O,O
",",O,O
the,O,O
sone,O,O
of,O,O
77li,O,O
17s,O,O
6.5d,O,O
Fl.,O,O
",",O,O
paieable,O,O
le,B,B
16,I,I
of,I,I
this,I,I
moneth,I,I
",",O,O
which,O,O
he,O,O
makith,O,O
reconyng,O,O
to,O,O
have,O,O
payd,O,O
owte,O,O
of,O,O
140li,O,O
Fl,O,O
.,O,O
that,O,O
is,O,O
to,O,O
be,O,O
receavid,O,O
of,O,O
an,O,O
obligation,O,O
dew,O,O
by,O,O
Diricke,O,O
Peterzon,O,O
of,O,O
Delf,O,O
(which,O,O
ye,O,O
have),O,O
",",O,O
paieable,O,O
the,B,B
second,I,I
of,I,I
this,I,I
moneth,I,I
;,O,O
and,O,O
the,O,O
rest,O,O
of,O,O
the,O,O
same,O,O
obligation,O,O
",",O,O
being,O,O
62li,O,O
2s,O,O
5.5d,O,O
Fl.,O,O
",",O,O
and,O,O
ijCli,O,O
Fl,O,O
.,O,O
that,O,O
is,O,O
dew,O,O
by,O,O
Dirick,O,O
Wij,O,O
&,O,O
Company,O,O
of,O,O
Haerlem,O,O
at,O,O
sight,O,O
(whose,O,O
bill,O,O
I,O,O
do,O,O
hierwith,O,O
delyver,O,O
you),O,O
",",O,O
his,O,O
mynd,O,O
is,O,O
to,O,O
have,O,O
made,O,O
over,O,O
by,O,O
exchaunge,O,O
with,O,O
some,O,O
good,O,O
sewer,O,O
man,O,O
for,O,O
usaunce,O,O
",",O,O
which,O,O
I,O,O
praie,O,O
you,O,O
to,O,O
accomplishe,O,O
",",O,O
and,O,O
advertis,O,O
the,O,O
same,O,O
Bryand,O,O
of,O,O
your,O,O
prosedinges,O,O
.,O,O
I,O,O
pray,O,O
you,O,O
I,O,O
may,O,O
be,O,O
hertyly,O,O
commended,O,O
to,O,O
Mr,O,O
.,O,O
Otwell,O,O
Johnson,O,O
",",O,O
your,O,O
brother,O,O
",",O,O
with,O,O
my,O,O
herty,O,O
thankes,O,O
for,O,O
the,O,O
paynes,O,O
that,O,O
at,O,O
my,O,O
last,O,O
beyng,O,O
at,O,O
London,O,O
he,O,O
toke,O,O
for,O,O
me,O,O
.,O,O
And,O,O
thus,O,O
I,O,O
hertyly,O,O
byd,O,O
you,O,O
farewell,O,O
.,O,O
Calendared,O,O
in,O,O
Letters,O,O
&,O,O
Papers,O,O
",",O,O
Addenda,O,O
",",O,O
I,O,O
",",O,O
ii,O,O
",",O,O
1525,O,O
.,O,O
At,O,O
this,O,O
tyme,O,O
I,O,O
have,O,O
not,O,O
further,O,O
to,O,O
inlarge,O,O
you,O,O
",",O,O
but,O,O
that,O,O
we,O,O
remayne,O,O
still,O,O
under,O,O
arest,O,O
",",O,O
(2b,O,O
),O,O
and,O,O
that,O,O
I,O,O
have,O,O
and,O,O
wyll,O,O
do,O,O
with,O,O
your,O,O
brother's,O,O
busynes,O,O
as,O,O
with,O,O
my,O,O
master's,O,O
.,O,O
By,O,O
youres,O,O
to,O,O
his,O,O
powre,O,O
",",O,O
On,O,O
other,O,O
side,O,O
",",O,O
our,O,O
newes,O,O
have,O,O
ben,O,O
almost,O,O
all,O,O
this,O,O
weke,O,O
past,O,O
that,O,O
xxx,O,O
or,O,O
xl,O,O
M,O,O
.,O,O
Freasshemen,O,O
ar,O,O
come,O,O
to,O,O
besiege,O,O
Boullen,O,O
",",O,O
and,O,O
indede,O,O
all,O,O
is,O,O
no,O,O
fable,O,O
",",O,O
for,O,O
ther,O,O
is,O,O
encamped,O,O
beyond,O,O
the,O,O
water,O,O
wher,O,O
Monsieur,O,O
de,O,O
Bies,O,O
and,O,O
his,O,O
compaigny,O,O
was,O,O
raysed,O,O
by,O,O
th'Yrle,O,O
of,O,O
Hartford,O,O
),O,O
by,O,O
a,O,O
nier,O,O
estimacion,O,O
(as,O,O
I,O,O
do,O,O
credibly,O,O
heare,O,O
),O,O
aboute,O,O
half,O,O
the,O,O
nombre,O,O
abovesaid,O,O
.,O,O
Some,O,O
other,O,O
report,O,O
that,O,O
a,O,O
lyke,O,O
nombre,O,O
",",O,O
or,O,O
somewhat,O,O
fewer,O,O
",",O,O
is,O,O
approched,O,O
unto,O,O
the,O,O
place,O,O
wher,O,O
the,O,O
Maister,O,O
of,O,O
the,O,O
Hoerse(1b,O,O
),O,O
was,O,O
encamped,O,O
when,O,O
the,O,O
King,O,O
our,O,O
maister,O,O
besieged,O,O
the,O,O
towne,O,O
",",O,O
but,O,O
I,O,O
will,O,O
not,O,O
write,O,O
that,O,O
for,O,O
so,O,O
certain,O,O
as,O,O
th'other,O,O
",",O,O
I,O,O
heare,O,O
also,O,O
that,O,O
our,O,O
men,O,O
do,O,O
dyvers,O,O
tymes,O,O
skermyche,O,O
with,O,O
them,O,O
.,O,O
(2b,O,O
),O,O
Monney,O,O
I,O,O
will,O,O
bring,O,O
downe,O,O
with,O,O
me,O,O
",",O,O
according,O,O
to,O,O
your,O,O
mynd,O,O
.,O,O
Add.To,O,O
his,O,O
singuler,O,O
good,O,O
frinde,O,O
John,O,O
Johnson,O,O
",",O,O
marchant,O,O
of,O,O
the,O,O
Stapell,O,O
at,O,O
Calles,O,O
",",O,O
be,O,O
this,O,O
delyvered,O,O
.,O,O
674,O,O
.,O,O
OTWELL,O,O
JOHNSON,O,O
TO,O,O
JOHN,O,O
JOHNSON,O,O
John,O,O
Johnson,O,O
.,O,O
7,O,O
.,O,O
PARSON,O,O
THOMAS,O,O
SAXBY,O,O
TO,O,O
JOHN,O,O
JOHNSON,O,O
Well,O,O
Sir,O,O
",",O,O
the,O,O
premissis,O,O
notwithstonding,O,O
",",O,O
I,O,O
have,O,O
(with,O,O
exceding,O,O
moche,O,O
ado,O,O
),O,O
perswaded,O,O
with,O,O
John,O,O
Holland,O,O
this,O,O
berar,O,O
to,O,O
repayer,O,O
home,O,O
to,O,O
Calleis,O,O
",",O,O
leving,O,O
the,O,O
said,O,O
packe,O,O
in,O,O
my,O,O
custody,O,O
to,O,O
shippe,O,O
by,O,O
the,O,O
next,O,O
",",O,O
es,O,O
I,O,O
have,O,O
promised,O,O
him,O,O
",",O,O
and,O,O
so,O,O
have,O,O
writton,O,O
unto,O,O
his,O,O
maister,O,O
(1a,O,O
),O,O
by,O,O
him,O,O
that,O,O
I,O,O
will,O,O
do,O,O
",",O,O
and,O,O
have,O,O
made,O,O
the,O,O
said,O,O
Hollande's,O,O
excuse,O,O
for,O,O
the,O,O
none,O,O
doyng,O,O
of,O,O
it,O,O
hietherto,O,O
;,O,O
and,O,O
moreover,O,O
have,O,O
veray,O,O
gentelly,O,O
and,O,O
largely,O,O
required,O,O
him,O,O
to,O,O
be,O,O
as,O,O
good,O,O
unto,O,O
me,O,O
for,O,O
the,O,O
packe,O,O
of,O,O
the,O,O
last,O,O
yeir,O,O
",",O,O
as,O,O
his,O,O
sone's,O,O
(2a,O,O
),O,O
promis,O,O
was,O,O
alway,O,O
that,O,O
he,O,O
wold,O,O
be,O,O
",",O,O
or,O,O
ellis,O,O
it,O,O
shuld,O,O
be,O,O
to,O,O
myne,O,O
utter,O,O
undoing,O,O
",",O,O
contrary,O,O
to,O,O
all,O,O
reasone,O,O
and,O,O
good,O,O
conscience,O,O
",",O,O
he,O,O
having,O,O
hadde,O,O
thole,O,O
goodes,O,O
in,O,O
his,O,O
owne,O,O
occupieng,O,O
all,O,O
the,O,O
last,O,O
yeir,O,O
",",O,O
and,O,O
I,O,O
disbursing,O,O
above,O,O
xxjli,O,O
st,O,O
.,O,O
in,O,O
redy,O,O
monney,O,O
of,O,O
myne,O,O
owne,O,O
uppon,O,O
the,O,O
sute,O,O
",",O,O
(3a,O,O
),O,O
in,O,O
consideracion,O,O
of,O,O
his,O,O
owne,O,O
promis,O,O
unto,O,O
me,O,O
that,O,O
I,O,O
shuld,O,O
be,O,O
no,O,O
loser,O,O
therby,O,O
",",O,O
etc.,O,O
",",O,O
with,O,O
other,O,O
veray,O,O
large,O,O
and,O,O
vehement,O,O
perswasions,O,O
",",O,O
which,O,O
if,O,O
thay,O,O
take,O,O
effect,O,O
",",O,O
so,O,O
it,O,O
is,O,O
.,O,O
And,O,O
mor,O,O
",",O,O
this,O,O
sam,O,O
day,O,O
your,O,O
salar,O,O
is,O,O
pavet,O,O
.,O,O
And,O,O
the,O,O
sall,O,O
of,O,O
the,O,O
salt,O,O
is,O,O
worse,O,O
",",O,O
than,O,O
it,O,O
was,O,O
for,O,O
becayus,O,O
of,O,O
the,O,O
saf,O,O
condede,O,O
that,O,O
is,O,O
gef,O,O
",",O,O
(2a,O,O
),O,O
for,O,O
I,O,O
connot,O,O
hav,O,O
abov,O,O
xxvijs,O,O
the,O,O
waye,O,O
.,O,O
And,O,O
as,O,O
for,O,O
wolles,O,O
",",O,O
thar,O,O
is,O,O
no,O,O
man,O,O
that,O,O
wyll,O,O
mell,O,O
with,O,O
you,O,O
for,O,O
no,O,O
mony,O,O
",",O,O
exsep,O,O
you,O,O
thak,O,O
clok,O,O
",",O,O
wyche,O,O
is,O,O
very,O,O
letell,O,O
estemit,O,O
with,O,O
no,O,O
marchants,O,O
",",O,O
for,O,O
the,O,O
Sete,O,O
is,O,O
ded,O,O
in,O,O
all,O,O
marchantres,O,O
for,O,O
lak,O,O
of,O,O
mony,O,O
.,O,O
(3a,O,O
),O,O
My,O,O
mastris,O,O
and,O,O
Mastris,O,O
Smethe,O,O
",",O,O
with,O,O
all,O,O
your,O,O
good,O,O
frendes,O,O
in,O,O
the,O,O
guntry,O,O
",",O,O
is,O,O
in,O,O
good,O,O
halthe,O,O
",",O,O
Jhesus,O,O
be,O,O
thanket,O,O
.,O,O
Her,O,O
is,O,O
non,O,O
ded,O,O
in,O,O
this,O,O
paris,O,O
senis,O,O
Thomas,O,O
Hollan,O,O
ded,O,O
bot,O,O
on,O,O
",",O,O
wyche,O,O
ryght,O,O
over,O,O
aganis,O,O
Mr,O,O
.,O,O
Smythis,O,O
at,O,O
the,O,O
Pyntreris,O,O
Hall,O,O
.,O,O
And,O,O
I,O,O
pray,O,O
your,O,O
mastership,O,O
to,O,O
send,O,O
me,O,O
whord,O,O
whother,O,O
I,O,O
shall,O,O
bryn,O,O
hom,O,O
the,O,O
salt,O,O
nou,O,O
or,O,O
no,O,O
",",O,O
because,O,O
the,O,O
sallar,O,O
is,O,O
new,O,O
paved,O,O
.,O,O
Your,O,O
brother,O,O
",",O,O
John,O,O
Johnson,O,O
.,O,O
(1,O,O
),O,O
Shrove,B,B
Tuesday,I,I
",",I,I
21st,I,I
February,I,I
1542,I,I
.,O,O
Mastar,O,O
Jonsson,O,O
",",O,O
Please,O,O
the,O,O
bringer,O,O
.,O,O
as,O,O
you,O,O
best,O,O
can,O,O
",",O,O
for,O,O
I,O,O
have,O,O
not,O,O
agreed,O,O
with,O,O
him,O,O
",",O,O
nor,O,O
for,O,O
my,O,O
brother,O,O
Richard's,O,O
veneson,O,O
nether,O,O
.,O,O
(1,O,O
),O,O
letter,O,O
1,O,O
2,O,O
.,O,O
OTWELL,O,O
JOHNSON,O,O
TO,O,O
JOHN,O,O
JOHNSON,O,O
101,O,O
.,O,O
PARSON,O,O
THOMAS,O,O
SAXBY,O,O
TO,O,O
JOHN,O,O
JOHNSON,O,O
Jhesus,O,O
",",O,O
le,B,B
11,I,I
jour,I,I
June,I,I
",",I,I
anno,I,I
1542.(1,I,I
),O,O
My,O,O
boy,O,O
dyed,O,O
of,O,O
no,O,O
plage,O,O
in,O,O
my,O,O
howse,O,O
",",O,O
(2b,O,O
),O,O
so,O,O
farr,O,O
as,O,O
I,O,O
thinke,O,O
",",O,O
butt,O,O
yet,O,O
I,O,O
wil,O,O
not,O,O
come,O,O
at,O,O
you,O,O
befor,O,O
your,O,O
howsebounde's,O,O
coming,O,O
home,O,O
",",O,O
I,O,O
thanke,O,O
you,O,O
for,O,O
your,O,O
gentill,O,O
offer,O,O
.,O,O
My,O,O
bottell,O,O
I,O,O
thinke,O,O
you,O,O
may,O,O
spare,O,O
well,O,O
ynough,O,O
",",O,O
and,O,O
therfor,O,O
I,O,O
can,O,O
be,O,O
content,O,O
to,O,O
have,O,O
it,O,O
sent,O,O
me,O,O
agen,O,O
",",O,O
if,O,O
you,O,O
will,O,O
.,O,O
Jhesus,O,O
anno,B,B
1545,I,I
",",I,I
the,I,I
7,I,I
in,I,I
June,I,I
",",O,O
at,O,O
Callais,O,O
I,O,O
commende,O,O
me,O,O
unto,O,O
you,O,O
",",O,O
praing,O,O
you,O,O
I,O,O
may,O,O
be,O,O
the,O,O
same,O,O
unto,O,O
Mistris,O,O
Smythe,O,O
",",O,O
etc,O,O
.,O,O
Sir,O,O
",",O,O
I,O,O
percave,O,O
we,O,O
maie,O,O
have,O,O
at,O,O
London,O,O
at,O,O
Mr,O,O
.,O,O
Judde's,O,O
handes,O,O
of,O,O
the,O,O
Kynge's,O,O
monney,O,O
",",O,O
to,O,O
paie,O,O
at,O,O
Andwerpe,O,O
in,O,O
the,O,O
Pasche,O,O
marte,O,O
",",O,O
at,O,O
xxvs,O,O
Fl,O,O
.,O,O
the,O,O
poinde,O,O
.,O,O
I,O,O
praye,O,O
you,O,O
knowe,O,O
of,O,O
Mr,O,O
.,O,O
Jude,O,O
if,O,O
it,O,O
be,O,O
so,O,O
",",O,O
and,O,O
then,O,O
I,O,O
praye,O,O
you,O,O
do,O,O
take,O,O
of,O,O
him,O,O
for,O,O
me,O,O
ijCli,O,O
mer,O,O
sterling,O,O
",",O,O
and,O,O
make,O,O
a,O,O
bill,O,O
for,O,O
it,O,O
in,O,O
my,O,O
name,O,O
",",O,O
and,O,O
I,O,O
will,O,O
se,O,O
it,O,O
paid,O,O
when,O,O
the,O,O
tyme,O,O
commythe,O,O
",",O,O
but,O,O
graunte,O,O
not,O,O
above,O,O
xxvs,O,O
Fl,O,O
.,O,O
the,O,O
li,O,O
st,O,O
.,O,O
White,O,O
hering,O,O
is,O,O
wourth,O,O
12.5li,O,O
Fl,O,O
.,O,O
in,O,O
Zeland,O,O
",",O,O
as,O,O
this,O,O
man,O,O
writeth,O,O
",",O,O
and,O,O
et,O,O
Dunkerke,O,O
it,O,O
is,O,O
at,O,O
41,O,O
crownes,O,O
soll,O,O
.,O,O
a,O,O
last,O,O
",",O,O
as,O,O
Robert,O,O
Brunell,O,O
writeth,O,O
",",O,O
so,O,O
that,O,O
therfor,O,O
it,O,O
is,O,O
not,O,O
best,O,O
medlyng,O,O
with,O,O
anny,O,O
at,O,O
thies,O,O
prices,O,O
in,O,O
my,O,O
fantasy,O,O
",",O,O
and,O,O
indede,O,O
I,O,O
write,O,O
not,O,O
nowe,O,O
for,O,O
anny,O,O
.,O,O
The,O,O
half-barrell,O,O
of,O,O
hering,O,O
that,O,O
is,O,O
hier,O,O
for,O,O
you,O,O
from,O,O
Maistres,O,O
Baynham,O,O
",",O,O
I,O,O
pray,O,O
you,O,O
send,O,O
me,O,O
wourd,O,O
whet,O,O
you,O,O
will,O,O
have,O,O
done,O,O
therwith,O,O
",",O,O
besieching,O,O
the,O,O
Lord,O,O
to,O,O
graunte,O,O
us,O,O
His,O,O
grace,O,O
necessarye,O,O
.,O,O
Consernyng,O,O
your,O,O
bill,O,O
to,O,O
Mr,O,O
.,O,O
Coope,O,O
",",O,O
and,O,O
Mr,O,O
.,O,O
Cave's,O,O
to,O,O
Mr,O,O
.,O,O
Wylkes,O,O
",",O,O
I,O,O
will,O,O
cleere,O,O
accordyngly,O,O
.,O,O
I,O,O
owe,O,O
in,O,O
thes,O,O
paymentes,O,O
60li,O,O
st,O,O
.,O,O
to,O,O
Mr,O,O
.,O,O
Coope,O,O
wherof,O,O
you,O,O
owe,O,O
me,O,O
per,O,O
your,O,O
bill,O,O
the,O,O
halffe,O,O
),O,O
wiche,O,O
Walter,O,O
Dancke,O,O
demanded,O,O
of,O,O
me,O,O
",",O,O
but,O,O
I,O,O
will,O,O
not,O,O
paye,O,O
yt,O,O
withowt,O,O
my,O,O
bill,O,O
or,O,O
a,O,O
quittance,O,O
of,O,O
Mr,O,O
.,O,O
Coop's,O,O
hande,O,O
.,O,O
He,O,O
saythe,O,O
the,O,O
byll,O,O
ys,O,O
here,O,O
in,O,O
a,O,O
chest,O,O
",",O,O
wherof,O,O
Mr,O,O
.,O,O
Coope,O,O
hathe,O,O
the,O,O
key,O,O
.,O,O
At,O,O
London,O,O
",",O,O
the,B,B
7th,I,I
day,I,I
in,I,I
June,I,I
",",I,I
1547,I,I
.,O,O
Mastar,O,O
Jonsson,O,O
",",O,O
Mr,O,O
.,O,O
Mylier,O,O
",",O,O
At,O,O
London,O,O
",",O,O
the,B,B
14th,I,I
in,I,I
August,I,I
",",I,I
1547,I,I
Otwell,O,O
Johnson,O,O
.,O,O
per,O,O
Francois,O,O
.,O,O
Mr,O,O
.,O,O
Curteys,O,O
will,O,O
pay,O,O
for,O,O
Quicke's,O,O
chargis,O,O
up,O,O
",",O,O
and,O,O
therfor,O,O
you,O,O
may,O,O
appoint,O,O
to,O,O
send,O,O
him,O,O
with,O,O
this,O,O
berar,O,O
",",O,O
at,O,O
his,O,O
next,O,O
retourne,O,O
hiether,O,O
.,O,O
The,O,O
foole,O,O
may,O,O
be,O,O
shewed,O,O
that,O,O
it,O,O
is,O,O
my,O,O
brother,O,O
Gery's,O,O
determynacion,O,O
so,O,O
to,O,O
do,O,O
",",O,O
and,O,O
he,O,O
wil,O,O
be,O,O
the,O,O
gladder,O,O
not,O,O
to,O,O
start,O,O
.,O,O
The,O,O
wul-winders,O,O
have,O,O
done,O,O
with,O,O
me,O,O
",",O,O
and,O,O
ar,O,O
gone,O,O
from,O,O
me,O,O
",",O,O
but,O,O
I,O,O
have,O,O
promis,O,O
of,O,O
thayer,O,O
helpe,O,O
agen,O,O
at,O,O
your,O,O
nede,O,O
befor,O,O
your,O,O
shipping,O,O
.,O,O
And,O,O
the,O,O
packing,O,O
of,O,O
your,O,O
Lynsey,O,O
wull,O,O
shuld,O,O
go,O,O
in,O,O
haund,O,O
",",O,O
but,O,O
for,O,O
lakke,O,O
of,O,O
clinsent,O,O
canvas,O,O
and,O,O
some,O,O
other,O,O
also,O,O
",",O,O
for,O,O
I,O,O
have,O,O
none,O,O
",",O,O
and,O,O
but,O,O
a,O,O
lytell,O,O
can,O,O
be,O,O
hadd,O,O
hier,O,O
for,O,O
monney,O,O
.,O,O
You,O,O
have,O,O
kept,O,O
the,O,O
countre,O,O
to,O,O
moche,O,O
this,O,O
last,O,O
yeir,O,O
",",O,O
or,O,O
I,O,O
have,O,O
to,O,O
manney,O,O
other,O,O
thinges,O,O
in,O,O
haund,O,O
",",O,O
for,O,O
boeth,O,O
of,O,O
us,O,O
have,O,O
forgotten,O,O
to,O,O
write,O,O
in,O,O
tyme,O,O
for,O,O
store,O,O
owte,O,O
of,O,O
Flanders,O,O
",",O,O
and,O,O
nowe,O,O
ar,O,O
dryven,O,O
to,O,O
an,O,O
extremitie,O,O
",",O,O
but,O,O
well,O,O
",",O,O
etc,O,O
.,O,O
I,O,O
have,O,O
me,O,O
comendyd,O,O
unto,O,O
youe,O,O
",",O,O
and,O,O
even,O,O
so,O,O
ye,O,O
ar,O,O
comendyd,O,O
from,O,O
my,O,O
wif,O,O
and,O,O
all,O,O
your,O,O
freindes,O,O
hier,O,O
",",O,O
prayinge,O,O
you,O,O
to,O,O
have,O,O
us,O,O
comendyd,O,O
to,O,O
Mistres,O,O
Baynam,O,O
",",O,O
my,O,O
oncle,O,O
and,O,O
awnte,O,O
",",O,O
(2a,O,O
),O,O
Mr,O,O
.,O,O
Helierd,O,O
",",O,O
and,O,O
all,O,O
our,O,O
frendes,O,O
with,O,O
you,O,O
",",O,O
ete,O,O
.,O,O
Your,O,O
lettre,O,O
of,O,O
the,B,B
28th,I,I
of,I,I
the,I,I
last,I,I
moneth,I,I
I,O,O
receyved,O,O
this,O,O
day,O,O
",",O,O
perseaving,O,O
therby,O,O
your,O,O
safe,O,O
arryvali,O,O
at,O,O
Calleis,O,O
",",O,O
etc,O,O
.,O,O
Parson,O,O
Saxby,O,O
.,O,O
Jhon,O,O
Johnson,O,O
.,O,O
For,O,O
the,O,O
crafty,O,O
childe,O,O
Nicol,O,O
Walke-a-Knave,O,O
haeth,O,O
left,O,O
owte,O,O
of,O,O
the,O,O
said,O,O
supplicacion,O,O
your,O,O
dwelling,O,O
at,O,O
Glapthorne,O,O
",",O,O
your,O,O
beyng,O,O
a,O,O
gentilman,O,O
",",O,O
marchant,O,O
",",O,O
fermer,O,O
or,O,O
howseboundeman,O,O
of,O,O
the,O,O
countre,O,O
",",O,O
and,O,O
sayeth,O,O
singly,O,O
",",O,O
one,O,O
John,O,O
Johnsone,O,O
",",O,O
of,O,O
no,O,O
place,O,O
",",O,O
facultie,O,O
",",O,O
nor,O,O
occupation,O,O
;,O,O
but,O,O
a,O,O
man,O,O
that,O,O
is,O,O
ryche,O,O
and,O,O
greatly,O,O
frended,O,O
haeth,O,O
done,O,O
and,O,O
doeth,O,O
great,O,O
wrong,O,O
aboute,O,O
the,O,O
ferme,O,O
of,O,O
the,O,O
parsonage,O,O
of,O,O
Cotterstoke,O,O
(not,O,O
ones,O,O
namyng,O,O
Glapthorne,O,O
),O,O
unto,O,O
one,O,O
A,O,O
.,O,O
B,O,O
.,O,O
C,O,O
.,O,O
(for,O,O
I,O,O
knowe,O,O
not,O,O
his,O,O
name,O,O
),O,O
nowe,O,O
parsone,O,O
of,O,O
the,O,O
same,O,O
and,O,O
successour,O,O
to,O,O
Edward,O,O
Artewyke,O,O
",",O,O
clarke,O,O
",",O,O
etc.,O,O
",",O,O
requiring,O,O
processe,O,O
against,O,O
you,O,O
in,O,O
the,O,O
Chancery,O,O
(for,O,O
that,O,O
he,O,O
is,O,O
not,O,O
able,O,O
to,O,O
contend,O,O
with,O,O
you,O,O
at,O,O
the,O,O
comen,O,O
lawe,O,O
),O,O
and,O,O
also,O,O
against,O,O
Artewyke,O,O
",",O,O
for,O,O
to,O,O
cause,O,O
him,O,O
to,O,O
appier,O,O
and,O,O
to,O,O
be,O,O
examined,O,O
",",O,O
and,O,O
sworne,O,O
uppon,O,O
certain,O,O
articles,O,O
that,O,O
he,O,O
haeth,O,O
devised,O,O
interrogatoryes,O,O
for,O,O
",",O,O
etc.,O,O
;,O,O
which,O,O
Artewyke,O,O
haeth,O,O
alredy,O,O
ben,O,O
examined,O,O
uppon,O,O
the,O,O
same,O,O
by,O,O
Mr,O,O
.,O,O
Crooke,O,O
",",O,O
and,O,O
his,O,O
examinacion,O,O
putt,O,O
in,O,O
writing,O,O
befor,O,O
that,O,O
I,O,O
hadde,O,O
knowledge,O,O
of,O,O
any,O,O
part,O,O
of,O,O
the,O,O
mater,O,O
.,O,O
(2c,O,O
),O,O
End,O,O
.,O,O
1545,B,B
.,O,O
From,O,O
Mr,O,O
.,O,O
Cave,O,O
at,O,O
Tickford,O,O
",",O,O
23,B,B
in,I,I
Marche,I,I
",",I,I
anno,I,I
1545,I,I
.,O,O
Aunswerd,O,O
from,O,O
London,O,O
",",O,O
25,B,B
in,I,I
Marche,I,I
",",I,I
anno,I,I
1545,I,I
",",O,O
etc,O,O
And,O,O
nowe,O,O
by,O,O
th'inclosed,O,O
for,O,O
my,O,O
brother,O,O
Richard,O,O
from,O,O
Robert,O,O
Androwe,O,O
",",O,O
you,O,O
may,O,O
perceave,O,O
howe,O,O
grevouslye,O,O
he,O,O
taketh,O,O
the,O,O
overcharging,O,O
of,O,O
him,O,O
nowe,O,O
agenst,O,O
his,O,O
coming,O,O
awaye,O,O
",",O,O
for,O,O
remedy,O,O
wherof,O,O
I,O,O
have,O,O
certefyed,O,O
you,O,O
befor,O,O
what,O,O
ordre,O,O
I,O,O
nave,O,O
taken,O,O
",",O,O
not,O,O
doubting,O,O
also,O,O
but,O,O
befor,O,O
this,O,O
day,O,O
Jehan,O,O
de,O,O
Lobell,O,O
or,O,O
compaignye,O,O
haeth,O,O
apointed,O,O
him,O,O
the,O,O
receyte,O,O
of,O,O
2001i,O,O
Fl,O,O
.,O,O
at,O,O
Andwarpe,O,O
",",O,O
as,O,O
one,O,O
of,O,O
them,O,O
named,O,O
Hugues,O,O
de,O,O
Lobell,O,O
doeth,O,O
certefye,O,O
me,O,O
by,O,O
his,O,O
lettre,O,O
of,O,O
llth,B,B
of,I,I
this,I,I
monneth,I,I
(which,O,O
I,O,O
receyved,O,O
nowe,O,O
inclosed,O,O
in,O,O
Robert,O,O
Androwe's,O,O
aforemencioned,O,O
to,O,O
my,O,O
brother,O,O
Richerd),O,O
",",O,O
that,O,O
he,O,O
hadd,O,O
assigned,O,O
les,O,O
Mahieus,O,O
de,O,O
Lylle,O,O
to,O,O
pay,O,O
the,O,O
same,O,O
200li,O,O
to,O,O
him,O,O
",",O,O
even,O,O
than,O,O
in,O,O
Andwarpe,O,O
",",O,O
which,O,O
I,O,O
trust,O,O
cometh,O,O
him,O,O
well,O,O
to,O,O
passe,O,O
.,O,O
But,O,O
yett,O,O
Robert,O,O
writeth,O,O
nothing,O,O
of,O,O
the,O,O
receyt,O,O
therof,O,O
",",O,O
howebeit,O,O
indede,O,O
I,O,O
have,O,O
hadd,O,O
no,O,O
lettre,O,O
from,O,O
him,O,O
later,O,O
than,O,O
that,O,O
wherof,O,O
I,O,O
sent,O,O
you,O,O
the,O,O
copye,O,O
by,O,O
Raeff,O,O
the,O,O
last,O,O
day,O,O
",",O,O
nor,O,O
himself,O,O
is,O,O
not,O,O
yett,O,O
come,O,O
over,O,O
that,O,O
I,O,O
can,O,O
lerne,O,O
;,O,O
and,O,O
thus,O,O
hierof,O,O
I,O,O
can,O,O
write,O,O
you,O,O
no,O,O
more,O,O
at,O,O
this,O,O
tyme,O,O
.,O,O
27a,O,O
.,O,O
SIR,O,O
JOHN,O,O
COOPE,O,O
TO,O,O
JOHN,O,O
JOHNSON,O,O
Thus,O,O
Sir,O,O
",",O,O
I,O,O
am,O,O
ever,O,O
bold,O,O
of,O,O
you,O,O
",",O,O
desyringe,O,O
you,O,O
lykwyse,O,O
to,O,O
be,O,O
of,O,O
me,O,O
in,O,O
annythinge,O,O
I,O,O
maye,O,O
doo,O,O
you,O,O
pleaser,O,O
inne,O,O
",",O,O
wherunto,O,O
you,O,O
shall,O,O
fynd,O,O
me,O,O
as,O,O
redie,O,O
to,O,O
my,O,O
power,O,O
",",O,O
by,O,O
the,O,O
grace,O,O
of,O,O
God,O,O
",",O,O
Who,O,O
send,O,O
you,O,O
youre,O,O
jentill,O,O
harte's,O,O
desyre,O,O
.,O,O
841,O,O
.,O,O
MICHEL,O,O
MULIER,O,O
TO,O,O
JOHN,O,O
JOHNSON,O,O
By,O,O
your,O,O
assured,O,O
frend,O,O
",",O,O
The,O,O
howshold,O,O
here,O,O
be,O,O
all,O,O
mery,O,O
nowe,O,O
",",O,O
thankes,O,O
be,O,O
to,O,O
God,O,O
",",O,O
but,O,O
Mr,O,O
.,O,O
Flecton,O,O
hathe,O,O
bene,O,O
sycke,O,O
sins,O,O
Monday,O,O
",",O,O
and,O,O
is,O,O
nowe,O,O
revyved,O,O
.,O,O
Thus,O,O
byddyng,O,O
youe,O,O
moost,O,O
hartely,O,O
well,O,O
to,O,O
fare,O,O
.,O,O
From,O,O
the,O,O
Sussex,O,O
men,O,O
I,O,O
have,O,O
receyved,O,O
aboute,O,O
xvij,O,O
dossen,O,O
di,O,O
.,O,O
of,O,O
sommer,O,O
felles,O,O
",",O,O
and,O,O
xxvj,O,O
dossen,O,O
of,O,O
winters,O,O
",",O,O
and,O,O
moo,O,O
I,O,O
looke,O,O
not,O,O
for,O,O
from,O,O
them,O,O
",",O,O
but,O,O
th'overplus,O,O
of,O,O
myn,O,O
ernest,O,O
shal,O,O
be,O,O
repaid,O,O
me,O,O
in,O,O
redy,O,O
monney,O,O
within,O,O
thies,O,O
iij,O,O
or,O,O
iiij,O,O
dayes,O,O
.,O,O
I,O,O
shewed,O,O
you,O,O
at,O,O
your,O,O
last,O,O
being,O,O
hier,O,O
what,O,O
recompense,O,O
thay,O,O
offred,O,O
me,O,O
by,O,O
writing,O,O
(that,O,O
was,O,O
the,O,O
abatement,O,O
of,O,O
xijd,O,O
in,O,O
every,O,O
dossen),O,O
",",O,O
and,O,O
more,O,O
I,O,O
cannot,O,O
gett,O,O
with,O,O
thayer,O,O
goodwilles,O,O
",",O,O
and,O,O
in,O,O
good,O,O
fayeth,O,O
I,O,O
thinke,O,O
it,O,O
not,O,O
reasonable,O,O
to,O,O
contend,O,O
moche,O,O
with,O,O
them,O,O
for,O,O
more,O,O
.,O,O
And,O,O
thus,O,O
hierwith,O,O
I,O,O
pray,O,O
you,O,O
satisfye,O,O
yourself,O,O
and,O,O
Mr,O,O
.,O,O
Cave,O,O
",",O,O
for,O,O
I,O,O
can,O,O
do,O,O
no,O,O
better,O,O
for,O,O
you,O,O
.,O,O
So,O,O
knowith,O,O
the,O,O
Lord,O,O
",",O,O
Who,O,O
kepe,O,O
you,O,O
in,O,O
welfaire,O,O
.,O,O
Hastely,O,O
scribled,O,O
.,O,O
Je,O,O
suis,O,O
d'entention,O,O
de,O,O
fretter,O,O
une,O,O
navire,O,O
pour,O,O
charger,O,O
marchandises,O,O
pour,O,O
Lynne,O,O
.,O,O
Escripves-moy,O,O
s'il,O,O
vous,O,O
plaira,O,O
de,O,O
le,O,O
charger,O,O
;,O,O
et,O,O
si,O,O
il,O,O
y,O,O
a,O,O
quelque,O,O
vins,O,O
secke,O,O
ou,O,O
bastardes,O,O
arryve,O,O
en,O,O
Seland,O,O
",",O,O
et,O,O
combien,O,O
ilz,O,O
valent,O,O
;,O,O
et,O,O
ausi,O,O
combien,O,O
les,O,O
vins,O,O
de,O,O
Ryn,O,O
valent,O,O
.,O,O
Aultre,O,O
chose,O,O
si,O,O
non,O,O
que,O,O
Dieu,O,O
soit,O,O
garde,O,O
de,O,O
vous,O,O
.,O,O
Vostre,O,O
amy,O,O
",",O,O
And,O,O
to,O,O
sertify,O,O
your,O,O
mastership,O,O
that,O,O
I,O,O
hav,O,O
receyved,O,O
your,O,O
latter,O,O
wiche,O,O
you,O,O
send,O,O
by,O,O
Spander,O,O
",",O,O
and,O,O
suche,O,O
chast,O,O
as,O,O
he,O,O
broght,O,O
.,O,O
I,O,O
cold,O,O
not,O,O
hav,O,O
the,O,O
bere,O,O
so,O,O
soen,O,O
as,O,O
he,O,O
was,O,O
rede,O,O
",",O,O
bot,O,O
he,O,O
cold,O,O
not,O,O
cary,O,O
non,O,O
thoth,O,O
he,O,O
whole,O,O
",",O,O
for,O,O
all,O,O
the,O,O
shepes,O,O
of,O,O
Callais,O,O
wase,O,O
lade,O,O
for,O,O
the,O,O
Kynis,O,O
",",O,O
stofe,O,O
be,O,O
thar,O,O
sayng,O,O
",",O,O
that,O,O
I,O,O
cannot,O,O
have,O,O
non,O,O
car,O,O
it,O,O
yet,O,O
.,O,O
(1a,O,O
),O,O
I,O,O
hav,O,O
a,O,O
hogshed,O,O
of,O,O
thre,O,O
halpen,O,O
bere,O,O
redy,O,O
to,O,O
send,O,O
",",O,O
and,O,O
a,O,O
barrall,O,O
of,O,O
ale,O,O
wyche,O,O
Mr,O,O
.,O,O
Wattes,O,O
and,O,O
Mastris,O,O
Watteris,O,O
wold,O,O
send,O,O
unto,O,O
you,O,O
",",O,O
the,O,O
wyche,O,O
ye,O,O
shall,O,O
hav,O,O
by,O,O
the,O,O
nest,O,O
ship,O,O
that,O,O
comis,O,O
.,O,O
And,O,O
as,O,O
this,O,O
day,O,O
I,O,O
hav,O,O
receyved,O,O
from,O,O
Handwarp,O,O
be,O,O
a,O,O
latter,O,O
of,O,O
Thomas,O,O
Offley,O,O
",",O,O
under,O,O
your,O,O
mark,O,O
",",O,O
a,O,O
drye,O,O
fatt,O,O
with,O,O
iij,O,O
deme-lanceis,O,O
:,O,O
what,O,O
your,O,O
plasur,O,O
is,O,O
to,O,O
do,O,O
with,O,O
tham,O,O
",",O,O
or,O,O
who,O,O
sholl,O,O
hav,O,O
tham,O,O
",",O,O
I,O,O
cannot,O,O
tell,O,O
untell,O,O
youer,O,O
mastership,O,O
writ,O,O
me,O,O
of,O,O
.,O,O
Sir,O,O
",",O,O
I,O,O
trust,O,O
your,O,O
veneson,O,O
pasty,O,O
is,O,O
savely,O,O
arryved,O,O
at,O,O
Calleis,O,O
",",O,O
and,O,O
honnestly,O,O
come,O,O
to,O,O
your,O,O
haundes,O,O
.,O,O
Your,O,O
lovyng,O,O
brother,O,O
",",O,O
John,O,O
Johnson,O,O
.,O,O
Quant,O,O
au,O,O
navire,O,O
que,O,O
m'aviez,O,O
affertte,O,O
",",O,O
je,O,O
n'est,O,O
encore,O,O
arrive,O,O
en,O,O
ceste,O,O
ville,O,O
.,O,O
Je,O,O
vouldroye,O,O
bien,O,O
que,O,O
sir,O,O
n'estoit,O,O
party,O,O
encoire,O,O
de,O,O
port,O,O
dela,O,O
",",O,O
qu'il,O,O
y,O,O
demeuras,O,O
",",O,O
et,O,O
accordissiez,O,O
avequec,O,O
luy,O,O
",",O,O
car,O,O
le,O,O
dit,O,O
sommelier,O,O
en,O,O
prent,O,O
de,O,O
part,O,O
de,O,O
sa,O,O
au,O,O
pas,O,O
du,O,O
roy,O,O
.,O,O
John,O,O
Johnson,O,O
.,O,O
per,O,O
Nicolas,O,O
Cucke,O,O
",",O,O
554,O,O
.,O,O
RICHARD,O,O
JOHNSON,O,O
TO,O,O
JOHN,O,O
JOHNSON,O,O
Mr,O,O
.,O,O
Johnson,O,O
",",O,O
I,O,O
salute,O,O
you,O,O
and,O,O
your,O,O
bedfelowe,O,O
.,O,O
I,O,O
trust,O,O
ye,O,O
wyl,O,O
be,O,O
here,O,O
accordyng,O,O
unto,O,O
your,O,O
appoyntment,O,O
",",O,O
where,O,O
ye,O,O
shal,O,O
be,O,O
wellcum,O,O
.,O,O
(3a,O,O
),O,O
Ser,O,O
",",O,O
Touching,O,O
the,O,O
furnysshing,O,O
of,O,O
Piere,O,O
Artus,O,O
and,O,O
Pasquall,O,O
thayer,O,O
money,O,O
yet,O,O
due,O,O
to,O,O
them,O,O
",",O,O
in,O,O
suche,O,O
wise,O,O
as,O,O
you,O,O
write,O,O
of,O,O
we,O,O
shall,O,O
do,O,O
them,O,O
plaine,O,O
wroung,O,O
",",O,O
as,O,O
more,O,O
at,O,O
large,O,O
I,O,O
pretend,O,O
to,O,O
writ,O,O
unto,O,O
you,O,O
in,O,O
my,O,O
next,O,O
;,O,O
howbeit,O,O
",",O,O
for,O,O
Garbrand,O,O
&,O,O
Compaigny,O,O
it,O,O
maketh,O,O
moche,O,O
lesse,O,O
mater,O,O
",",O,O
etc,O,O
.,O,O
103,O,O
.,O,O
SIR,O,O
THOMAS,O,O
BRUDENELL,O,O
TO,O,O
JOHN,O,O
JOHNSON,O,O
Sir,O,O
",",O,O
I,O,O
muste,O,O
dessyre,O,O
my,O,O
cossyn,O,O
Cave,O,O
and,O,O
youe,O,O
to,O,O
be,O,O
so,O,O
good,O,O
frendes,O,O
unto,O,O
me,O,O
to,O,O
helpe,O,O
me,O,O
with,O,O
x,O,O
li,O,O
st,O,O
.,O,O
to,O,O
pay,O,O
withyn,O,O
xvj,O,O
days,O,O
aftar,O,O
Ester,B,B
:,O,O
that,O,O
ys,O,O
to,O,O
sey,O,O
",",O,O
iiij,O,O
li,O,O
for,O,O
to,O,O
obteyne,O,O
the,O,O
Kynge's,O,O
grasing(4,O,O
),O,O
brod,O,O
seylle,O,O
for,O,O
my,O,O
pluralyty,O,O
",",O,O
or,O,O
elles,O,O
yt,O,O
wylle,O,O
nat,O,O
stand,O,O
to,O,O
no,O,O
porpusse,O,O
",",O,O
nor,O,O
serve,O,O
me,O,O
nat,O,O
",",O,O
butt,O,O
I,O,O
shalle,O,O
be,O,O
alleways,O,O
yn,O,O
danger,O,O
to,O,O
forffytte,O,O
the,O,O
beneffys,O,O
that,O,O
I,O,O
dyd,O,O
obteyne,O,O
the,O,O
pluralyty,O,O
for,O,O
",",O,O
that,O,O
ways,O,O
Polbroke,O,O
.,O,O
And,O,O
my,O,O
Lord,O,O
Byshope,O,O
of,O,O
Peterburo(5,O,O
),O,O
hathe,O,O
loke,O,O
one,O,O
yt,O,O
",",O,O
and,O,O
hathe,O,O
chargyd,O,O
me,O,O
to,O,O
obteyne,O,O
the,O,O
brod,O,O
seylle,O,O
withyn,O,O
xvjth,O,O
days,O,O
after,O,O
Ester,B,B
",",O,O
or,O,O
elles,O,O
he,O,O
wylle,O,O
take,O,O
avantage,O,O
of,O,O
Polbroke,O,O
",",O,O
and,O,O
the,O,O
other,O,O
vj,O,O
li,O,O
st,O,O
.,O,O
muste,O,O
be,O,O
payd,O,O
for,O,O
the,O,O
tenys,O,O
and,O,O
the,O,O
subsydy,O,O
that,O,O
ways,O,O
dew,O,O
to,O,O
the,O,O
Kynge's,O,O
grace,O,O
at,O,O
Crystemas,B,B
yn,I,I
anno,I,B
1540,I,I
",",O,O
the,O,O
wyche,O,O
ys,O,O
now,O,O
demandyd,O,O
and,O,O
askyd,O,O
of,O,O
me,O,O
becausse,O,O
the,O,O
other,O,O
parson,O,O
departyd,O,O
beffore,O,O
Crystemas,B,B
yn,I,I
anno,I,I
1540,I,I
.,O,O
